// Generated by tools/tts_nfkd_table.py from Python 3.11.15 unicodedata (Unicode 14.0.0) -- do not edit.
// NFKD decompositions (Hangul syllables excepted) and canonical combining classes.
#include <cstddef>
#include <cstdint>

namespace tts {
namespace text {

extern const size_t kNfkdCount = 5795;
extern const uint32_t kNfkdCodepoints[] = {
    0xa0,0xa8,0xaa,0xaf,0xb2,0xb3,0xb4,0xb5,0xb8,0xb9,0xba,0xbc,
    0xbd,0xbe,0xc0,0xc1,0xc2,0xc3,0xc4,0xc5,0xc7,0xc8,0xc9,0xca,
    0xcb,0xcc,0xcd,0xce,0xcf,0xd1,0xd2,0xd3,0xd4,0xd5,0xd6,0xd9,
    0xda,0xdb,0xdc,0xdd,0xe0,0xe1,0xe2,0xe3,0xe4,0xe5,0xe7,0xe8,
    0xe9,0xea,0xeb,0xec,0xed,0xee,0xef,0xf1,0xf2,0xf3,0xf4,0xf5,
    0xf6,0xf9,0xfa,0xfb,0xfc,0xfd,0xff,0x100,0x101,0x102,0x103,0x104,
    0x105,0x106,0x107,0x108,0x109,0x10a,0x10b,0x10c,0x10d,0x10e,0x10f,0x112,
    0x113,0x114,0x115,0x116,0x117,0x118,0x119,0x11a,0x11b,0x11c,0x11d,0x11e,
    0x11f,0x120,0x121,0x122,0x123,0x124,0x125,0x128,0x129,0x12a,0x12b,0x12c,
    0x12d,0x12e,0x12f,0x130,0x132,0x133,0x134,0x135,0x136,0x137,0x139,0x13a,
    0x13b,0x13c,0x13d,0x13e,0x13f,0x140,0x143,0x144,0x145,0x146,0x147,0x148,
    0x149,0x14c,0x14d,0x14e,0x14f,0x150,0x151,0x154,0x155,0x156,0x157,0x158,
    0x159,0x15a,0x15b,0x15c,0x15d,0x15e,0x15f,0x160,0x161,0x162,0x163,0x164,
    0x165,0x168,0x169,0x16a,0x16b,0x16c,0x16d,0x16e,0x16f,0x170,0x171,0x172,
    0x173,0x174,0x175,0x176,0x177,0x178,0x179,0x17a,0x17b,0x17c,0x17d,0x17e,
    0x17f,0x1a0,0x1a1,0x1af,0x1b0,0x1c4,0x1c5,0x1c6,0x1c7,0x1c8,0x1c9,0x1ca,
    0x1cb,0x1cc,0x1cd,0x1ce,0x1cf,0x1d0,0x1d1,0x1d2,0x1d3,0x1d4,0x1d5,0x1d6,
    0x1d7,0x1d8,0x1d9,0x1da,0x1db,0x1dc,0x1de,0x1df,0x1e0,0x1e1,0x1e2,0x1e3,
    0x1e6,0x1e7,0x1e8,0x1e9,0x1ea,0x1eb,0x1ec,0x1ed,0x1ee,0x1ef,0x1f0,0x1f1,
    0x1f2,0x1f3,0x1f4,0x1f5,0x1f8,0x1f9,0x1fa,0x1fb,0x1fc,0x1fd,0x1fe,0x1ff,
    0x200,0x201,0x202,0x203,0x204,0x205,0x206,0x207,0x208,0x209,0x20a,0x20b,
    0x20c,0x20d,0x20e,0x20f,0x210,0x211,0x212,0x213,0x214,0x215,0x216,0x217,
    0x218,0x219,0x21a,0x21b,0x21e,0x21f,0x226,0x227,0x228,0x229,0x22a,0x22b,
    0x22c,0x22d,0x22e,0x22f,0x230,0x231,0x232,0x233,0x2b0,0x2b1,0x2b2,0x2b3,
    0x2b4,0x2b5,0x2b6,0x2b7,0x2b8,0x2d8,0x2d9,0x2da,0x2db,0x2dc,0x2dd,0x2e0,
    0x2e1,0x2e2,0x2e3,0x2e4,0x340,0x341,0x343,0x344,0x374,0x37a,0x37e,0x384,
    0x385,0x386,0x387,0x388,0x389,0x38a,0x38c,0x38e,0x38f,0x390,0x3aa,0x3ab,
    0x3ac,0x3ad,0x3ae,0x3af,0x3b0,0x3ca,0x3cb,0x3cc,0x3cd,0x3ce,0x3d0,0x3d1,
    0x3d2,0x3d3,0x3d4,0x3d5,0x3d6,0x3f0,0x3f1,0x3f2,0x3f4,0x3f5,0x3f9,0x400,
    0x401,0x403,0x407,0x40c,0x40d,0x40e,0x419,0x439,0x450,0x451,0x453,0x457,
    0x45c,0x45d,0x45e,0x476,0x477,0x4c1,0x4c2,0x4d0,0x4d1,0x4d2,0x4d3,0x4d6,
    0x4d7,0x4da,0x4db,0x4dc,0x4dd,0x4de,0x4df,0x4e2,0x4e3,0x4e4,0x4e5,0x4e6,
    0x4e7,0x4ea,0x4eb,0x4ec,0x4ed,0x4ee,0x4ef,0x4f0,0x4f1,0x4f2,0x4f3,0x4f4,
    0x4f5,0x4f8,0x4f9,0x587,0x622,0x623,0x624,0x625,0x626,0x675,0x676,0x677,
    0x678,0x6c0,0x6c2,0x6d3,0x929,0x931,0x934,0x958,0x959,0x95a,0x95b,0x95c,
    0x95d,0x95e,0x95f,0x9cb,0x9cc,0x9dc,0x9dd,0x9df,0xa33,0xa36,0xa59,0xa5a,
    0xa5b,0xa5e,0xb48,0xb4b,0xb4c,0xb5c,0xb5d,0xb94,0xbca,0xbcb,0xbcc,0xc48,
    0xcc0,0xcc7,0xcc8,0xcca,0xccb,0xd4a,0xd4b,0xd4c,0xdda,0xddc,0xddd,0xdde,
    0xe33,0xeb3,0xedc,0xedd,0xf0c,0xf43,0xf4d,0xf52,0xf57,0xf5c,0xf69,0xf73,
    0xf75,0xf76,0xf77,0xf78,0xf79,0xf81,0xf93,0xf9d,0xfa2,0xfa7,0xfac,0xfb9,
    0x1026,0x10fc,0x1b06,0x1b08,0x1b0a,0x1b0c,0x1b0e,0x1b12,0x1b3b,0x1b3d,0x1b40,0x1b41,
    0x1b43,0x1d2c,0x1d2d,0x1d2e,0x1d30,0x1d31,0x1d32,0x1d33,0x1d34,0x1d35,0x1d36,0x1d37,
    0x1d38,0x1d39,0x1d3a,0x1d3c,0x1d3d,0x1d3e,0x1d3f,0x1d40,0x1d41,0x1d42,0x1d43,0x1d44,
    0x1d45,0x1d46,0x1d47,0x1d48,0x1d49,0x1d4a,0x1d4b,0x1d4c,0x1d4d,0x1d4f,0x1d50,0x1d51,
    0x1d52,0x1d53,0x1d54,0x1d55,0x1d56,0x1d57,0x1d58,0x1d59,0x1d5a,0x1d5b,0x1d5c,0x1d5d,
    0x1d5e,0x1d5f,0x1d60,0x1d61,0x1d62,0x1d63,0x1d64,0x1d65,0x1d66,0x1d67,0x1d68,0x1d69,
    0x1d6a,0x1d78,0x1d9b,0x1d9c,0x1d9d,0x1d9e,0x1d9f,0x1da0,0x1da1,0x1da2,0x1da3,0x1da4,
    0x1da5,0x1da6,0x1da7,0x1da8,0x1da9,0x1daa,0x1dab,0x1dac,0x1dad,0x1dae,0x1daf,0x1db0,
    0x1db1,0x1db2,0x1db3,0x1db4,0x1db5,0x1db6,0x1db7,0x1db8,0x1db9,0x1dba,0x1dbb,0x1dbc,
    0x1dbd,0x1dbe,0x1dbf,0x1e00,0x1e01,0x1e02,0x1e03,0x1e04,0x1e05,0x1e06,0x1e07,0x1e08,
    0x1e09,0x1e0a,0x1e0b,0x1e0c,0x1e0d,0x1e0e,0x1e0f,0x1e10,0x1e11,0x1e12,0x1e13,0x1e14,
    0x1e15,0x1e16,0x1e17,0x1e18,0x1e19,0x1e1a,0x1e1b,0x1e1c,0x1e1d,0x1e1e,0x1e1f,0x1e20,
    0x1e21,0x1e22,0x1e23,0x1e24,0x1e25,0x1e26,0x1e27,0x1e28,0x1e29,0x1e2a,0x1e2b,0x1e2c,
    0x1e2d,0x1e2e,0x1e2f,0x1e30,0x1e31,0x1e32,0x1e33,0x1e34,0x1e35,0x1e36,0x1e37,0x1e38,
    0x1e39,0x1e3a,0x1e3b,0x1e3c,0x1e3d,0x1e3e,0x1e3f,0x1e40,0x1e41,0x1e42,0x1e43,0x1e44,
    0x1e45,0x1e46,0x1e47,0x1e48,0x1e49,0x1e4a,0x1e4b,0x1e4c,0x1e4d,0x1e4e,0x1e4f,0x1e50,
    0x1e51,0x1e52,0x1e53,0x1e54,0x1e55,0x1e56,0x1e57,0x1e58,0x1e59,0x1e5a,0x1e5b,0x1e5c,
    0x1e5d,0x1e5e,0x1e5f,0x1e60,0x1e61,0x1e62,0x1e63,0x1e64,0x1e65,0x1e66,0x1e67,0x1e68,
    0x1e69,0x1e6a,0x1e6b,0x1e6c,0x1e6d,0x1e6e,0x1e6f,0x1e70,0x1e71,0x1e72,0x1e73,0x1e74,
    0x1e75,0x1e76,0x1e77,0x1e78,0x1e79,0x1e7a,0x1e7b,0x1e7c,0x1e7d,0x1e7e,0x1e7f,0x1e80,
    0x1e81,0x1e82,0x1e83,0x1e84,0x1e85,0x1e86,0x1e87,0x1e88,0x1e89,0x1e8a,0x1e8b,0x1e8c,
    0x1e8d,0x1e8e,0x1e8f,0x1e90,0x1e91,0x1e92,0x1e93,0x1e94,0x1e95,0x1e96,0x1e97,0x1e98,
    0x1e99,0x1e9a,0x1e9b,0x1ea0,0x1ea1,0x1ea2,0x1ea3,0x1ea4,0x1ea5,0x1ea6,0x1ea7,0x1ea8,
    0x1ea9,0x1eaa,0x1eab,0x1eac,0x1ead,0x1eae,0x1eaf,0x1eb0,0x1eb1,0x1eb2,0x1eb3,0x1eb4,
    0x1eb5,0x1eb6,0x1eb7,0x1eb8,0x1eb9,0x1eba,0x1ebb,0x1ebc,0x1ebd,0x1ebe,0x1ebf,0x1ec0,
    0x1ec1,0x1ec2,0x1ec3,0x1ec4,0x1ec5,0x1ec6,0x1ec7,0x1ec8,0x1ec9,0x1eca,0x1ecb,0x1ecc,
    0x1ecd,0x1ece,0x1ecf,0x1ed0,0x1ed1,0x1ed2,0x1ed3,0x1ed4,0x1ed5,0x1ed6,0x1ed7,0x1ed8,
    0x1ed9,0x1eda,0x1edb,0x1edc,0x1edd,0x1ede,0x1edf,0x1ee0,0x1ee1,0x1ee2,0x1ee3,0x1ee4,
    0x1ee5,0x1ee6,0x1ee7,0x1ee8,0x1ee9,0x1eea,0x1eeb,0x1eec,0x1eed,0x1eee,0x1eef,0x1ef0,
    0x1ef1,0x1ef2,0x1ef3,0x1ef4,0x1ef5,0x1ef6,0x1ef7,0x1ef8,0x1ef9,0x1f00,0x1f01,0x1f02,
    0x1f03,0x1f04,0x1f05,0x1f06,0x1f07,0x1f08,0x1f09,0x1f0a,0x1f0b,0x1f0c,0x1f0d,0x1f0e,
    0x1f0f,0x1f10,0x1f11,0x1f12,0x1f13,0x1f14,0x1f15,0x1f18,0x1f19,0x1f1a,0x1f1b,0x1f1c,
    0x1f1d,0x1f20,0x1f21,0x1f22,0x1f23,0x1f24,0x1f25,0x1f26,0x1f27,0x1f28,0x1f29,0x1f2a,
    0x1f2b,0x1f2c,0x1f2d,0x1f2e,0x1f2f,0x1f30,0x1f31,0x1f32,0x1f33,0x1f34,0x1f35,0x1f36,
    0x1f37,0x1f38,0x1f39,0x1f3a,0x1f3b,0x1f3c,0x1f3d,0x1f3e,0x1f3f,0x1f40,0x1f41,0x1f42,
    0x1f43,0x1f44,0x1f45,0x1f48,0x1f49,0x1f4a,0x1f4b,0x1f4c,0x1f4d,0x1f50,0x1f51,0x1f52,
    0x1f53,0x1f54,0x1f55,0x1f56,0x1f57,0x1f59,0x1f5b,0x1f5d,0x1f5f,0x1f60,0x1f61,0x1f62,
    0x1f63,0x1f64,0x1f65,0x1f66,0x1f67,0x1f68,0x1f69,0x1f6a,0x1f6b,0x1f6c,0x1f6d,0x1f6e,
    0x1f6f,0x1f70,0x1f71,0x1f72,0x1f73,0x1f74,0x1f75,0x1f76,0x1f77,0x1f78,0x1f79,0x1f7a,
    0x1f7b,0x1f7c,0x1f7d,0x1f80,0x1f81,0x1f82,0x1f83,0x1f84,0x1f85,0x1f86,0x1f87,0x1f88,
    0x1f89,0x1f8a,0x1f8b,0x1f8c,0x1f8d,0x1f8e,0x1f8f,0x1f90,0x1f91,0x1f92,0x1f93,0x1f94,
    0x1f95,0x1f96,0x1f97,0x1f98,0x1f99,0x1f9a,0x1f9b,0x1f9c,0x1f9d,0x1f9e,0x1f9f,0x1fa0,
    0x1fa1,0x1fa2,0x1fa3,0x1fa4,0x1fa5,0x1fa6,0x1fa7,0x1fa8,0x1fa9,0x1faa,0x1fab,0x1fac,
    0x1fad,0x1fae,0x1faf,0x1fb0,0x1fb1,0x1fb2,0x1fb3,0x1fb4,0x1fb6,0x1fb7,0x1fb8,0x1fb9,
    0x1fba,0x1fbb,0x1fbc,0x1fbd,0x1fbe,0x1fbf,0x1fc0,0x1fc1,0x1fc2,0x1fc3,0x1fc4,0x1fc6,
    0x1fc7,0x1fc8,0x1fc9,0x1fca,0x1fcb,0x1fcc,0x1fcd,0x1fce,0x1fcf,0x1fd0,0x1fd1,0x1fd2,
    0x1fd3,0x1fd6,0x1fd7,0x1fd8,0x1fd9,0x1fda,0x1fdb,0x1fdd,0x1fde,0x1fdf,0x1fe0,0x1fe1,
    0x1fe2,0x1fe3,0x1fe4,0x1fe5,0x1fe6,0x1fe7,0x1fe8,0x1fe9,0x1fea,0x1feb,0x1fec,0x1fed,
    0x1fee,0x1fef,0x1ff2,0x1ff3,0x1ff4,0x1ff6,0x1ff7,0x1ff8,0x1ff9,0x1ffa,0x1ffb,0x1ffc,
    0x1ffd,0x1ffe,0x2000,0x2001,0x2002,0x2003,0x2004,0x2005,0x2006,0x2007,0x2008,0x2009,
    0x200a,0x2011,0x2017,0x2024,0x2025,0x2026,0x202f,0x2033,0x2034,0x2036,0x2037,0x203c,
    0x203e,0x2047,0x2048,0x2049,0x2057,0x205f,0x2070,0x2071,0x2074,0x2075,0x2076,0x2077,
    0x2078,0x2079,0x207a,0x207b,0x207c,0x207d,0x207e,0x207f,0x2080,0x2081,0x2082,0x2083,
    0x2084,0x2085,0x2086,0x2087,0x2088,0x2089,0x208a,0x208b,0x208c,0x208d,0x208e,0x2090,
    0x2091,0x2092,0x2093,0x2094,0x2095,0x2096,0x2097,0x2098,0x2099,0x209a,0x209b,0x209c,
    0x20a8,0x2100,0x2101,0x2102,0x2103,0x2105,0x2106,0x2107,0x2109,0x210a,0x210b,0x210c,
    0x210d,0x210e,0x210f,0x2110,0x2111,0x2112,0x2113,0x2115,0x2116,0x2119,0x211a,0x211b,
    0x211c,0x211d,0x2120,0x2121,0x2122,0x2124,0x2126,0x2128,0x212a,0x212b,0x212c,0x212d,
    0x212f,0x2130,0x2131,0x2133,0x2134,0x2135,0x2136,0x2137,0x2138,0x2139,0x213b,0x213c,
    0x213d,0x213e,0x213f,0x2140,0x2145,0x2146,0x2147,0x2148,0x2149,0x2150,0x2151,0x2152,
    0x2153,0x2154,0x2155,0x2156,0x2157,0x2158,0x2159,0x215a,0x215b,0x215c,0x215d,0x215e,
    0x215f,0x2160,0x2161,0x2162,0x2163,0x2164,0x2165,0x2166,0x2167,0x2168,0x2169,0x216a,
    0x216b,0x216c,0x216d,0x216e,0x216f,0x2170,0x2171,0x2172,0x2173,0x2174,0x2175,0x2176,
    0x2177,0x2178,0x2179,0x217a,0x217b,0x217c,0x217d,0x217e,0x217f,0x2189,0x219a,0x219b,
    0x21ae,0x21cd,0x21ce,0x21cf,0x2204,0x2209,0x220c,0x2224,0x2226,0x222c,0x222d,0x222f,
    0x2230,0x2241,0x2244,0x2247,0x2249,0x2260,0x2262,0x226d,0x226e,0x226f,0x2270,0x2271,
    0x2274,0x2275,0x2278,0x2279,0x2280,0x2281,0x2284,0x2285,0x2288,0x2289,0x22ac,0x22ad,
    0x22ae,0x22af,0x22e0,0x22e1,0x22e2,0x22e3,0x22ea,0x22eb,0x22ec,0x22ed,0x2329,0x232a,
    0x2460,0x2461,0x2462,0x2463,0x2464,0x2465,0x2466,0x2467,0x2468,0x2469,0x246a,0x246b,
    0x246c,0x246d,0x246e,0x246f,0x2470,0x2471,0x2472,0x2473,0x2474,0x2475,0x2476,0x2477,
    0x2478,0x2479,0x247a,0x247b,0x247c,0x247d,0x247e,0x247f,0x2480,0x2481,0x2482,0x2483,
    0x2484,0x2485,0x2486,0x2487,0x2488,0x2489,0x248a,0x248b,0x248c,0x248d,0x248e,0x248f,
    0x2490,0x2491,0x2492,0x2493,0x2494,0x2495,0x2496,0x2497,0x2498,0x2499,0x249a,0x249b,
    0x249c,0x249d,0x249e,0x249f,0x24a0,0x24a1,0x24a2,0x24a3,0x24a4,0x24a5,0x24a6,0x24a7,
    0x24a8,0x24a9,0x24aa,0x24ab,0x24ac,0x24ad,0x24ae,0x24af,0x24b0,0x24b1,0x24b2,0x24b3,
    0x24b4,0x24b5,0x24b6,0x24b7,0x24b8,0x24b9,0x24ba,0x24bb,0x24bc,0x24bd,0x24be,0x24bf,
    0x24c0,0x24c1,0x24c2,0x24c3,0x24c4,0x24c5,0x24c6,0x24c7,0x24c8,0x24c9,0x24ca,0x24cb,
    0x24cc,0x24cd,0x24ce,0x24cf,0x24d0,0x24d1,0x24d2,0x24d3,0x24d4,0x24d5,0x24d6,0x24d7,
    0x24d8,0x24d9,0x24da,0x24db,0x24dc,0x24dd,0x24de,0x24df,0x24e0,0x24e1,0x24e2,0x24e3,
    0x24e4,0x24e5,0x24e6,0x24e7,0x24e8,0x24e9,0x24ea,0x2a0c,0x2a74,0x2a75,0x2a76,0x2adc,
    0x2c7c,0x2c7d,0x2d6f,0x2e9f,0x2ef3,0x2f00,0x2f01,0x2f02,0x2f03,0x2f04,0x2f05,0x2f06,
    0x2f07,0x2f08,0x2f09,0x2f0a,0x2f0b,0x2f0c,0x2f0d,0x2f0e,0x2f0f,0x2f10,0x2f11,0x2f12,
    0x2f13,0x2f14,0x2f15,0x2f16,0x2f17,0x2f18,0x2f19,0x2f1a,0x2f1b,0x2f1c,0x2f1d,0x2f1e,
    0x2f1f,0x2f20,0x2f21,0x2f22,0x2f23,0x2f24,0x2f25,0x2f26,0x2f27,0x2f28,0x2f29,0x2f2a,
    0x2f2b,0x2f2c,0x2f2d,0x2f2e,0x2f2f,0x2f30,0x2f31,0x2f32,0x2f33,0x2f34,0x2f35,0x2f36,
    0x2f37,0x2f38,0x2f39,0x2f3a,0x2f3b,0x2f3c,0x2f3d,0x2f3e,0x2f3f,0x2f40,0x2f41,0x2f42,
    0x2f43,0x2f44,0x2f45,0x2f46,0x2f47,0x2f48,0x2f49,0x2f4a,0x2f4b,0x2f4c,0x2f4d,0x2f4e,
    0x2f4f,0x2f50,0x2f51,0x2f52,0x2f53,0x2f54,0x2f55,0x2f56,0x2f57,0x2f58,0x2f59,0x2f5a,
    0x2f5b,0x2f5c,0x2f5d,0x2f5e,0x2f5f,0x2f60,0x2f61,0x2f62,0x2f63,0x2f64,0x2f65,0x2f66,
    0x2f67,0x2f68,0x2f69,0x2f6a,0x2f6b,0x2f6c,0x2f6d,0x2f6e,0x2f6f,0x2f70,0x2f71,0x2f72,
    0x2f73,0x2f74,0x2f75,0x2f76,0x2f77,0x2f78,0x2f79,0x2f7a,0x2f7b,0x2f7c,0x2f7d,0x2f7e,
    0x2f7f,0x2f80,0x2f81,0x2f82,0x2f83,0x2f84,0x2f85,0x2f86,0x2f87,0x2f88,0x2f89,0x2f8a,
    0x2f8b,0x2f8c,0x2f8d,0x2f8e,0x2f8f,0x2f90,0x2f91,0x2f92,0x2f93,0x2f94,0x2f95,0x2f96,
    0x2f97,0x2f98,0x2f99,0x2f9a,0x2f9b,0x2f9c,0x2f9d,0x2f9e,0x2f9f,0x2fa0,0x2fa1,0x2fa2,
    0x2fa3,0x2fa4,0x2fa5,0x2fa6,0x2fa7,0x2fa8,0x2fa9,0x2faa,0x2fab,0x2fac,0x2fad,0x2fae,
    0x2faf,0x2fb0,0x2fb1,0x2fb2,0x2fb3,0x2fb4,0x2fb5,0x2fb6,0x2fb7,0x2fb8,0x2fb9,0x2fba,
    0x2fbb,0x2fbc,0x2fbd,0x2fbe,0x2fbf,0x2fc0,0x2fc1,0x2fc2,0x2fc3,0x2fc4,0x2fc5,0x2fc6,
    0x2fc7,0x2fc8,0x2fc9,0x2fca,0x2fcb,0x2fcc,0x2fcd,0x2fce,0x2fcf,0x2fd0,0x2fd1,0x2fd2,
    0x2fd3,0x2fd4,0x2fd5,0x3000,0x3036,0x3038,0x3039,0x303a,0x304c,0x304e,0x3050,0x3052,
    0x3054,0x3056,0x3058,0x305a,0x305c,0x305e,0x3060,0x3062,0x3065,0x3067,0x3069,0x3070,
    0x3071,0x3073,0x3074,0x3076,0x3077,0x3079,0x307a,0x307c,0x307d,0x3094,0x309b,0x309c,
    0x309e,0x309f,0x30ac,0x30ae,0x30b0,0x30b2,0x30b4,0x30b6,0x30b8,0x30ba,0x30bc,0x30be,
    0x30c0,0x30c2,0x30c5,0x30c7,0x30c9,0x30d0,0x30d1,0x30d3,0x30d4,0x30d6,0x30d7,0x30d9,
    0x30da,0x30dc,0x30dd,0x30f4,0x30f7,0x30f8,0x30f9,0x30fa,0x30fe,0x30ff,0x3131,0x3132,
    0x3133,0x3134,0x3135,0x3136,0x3137,0x3138,0x3139,0x313a,0x313b,0x313c,0x313d,0x313e,
    0x313f,0x3140,0x3141,0x3142,0x3143,0x3144,0x3145,0x3146,0x3147,0x3148,0x3149,0x314a,
    0x314b,0x314c,0x314d,0x314e,0x314f,0x3150,0x3151,0x3152,0x3153,0x3154,0x3155,0x3156,
    0x3157,0x3158,0x3159,0x315a,0x315b,0x315c,0x315d,0x315e,0x315f,0x3160,0x3161,0x3162,
    0x3163,0x3164,0x3165,0x3166,0x3167,0x3168,0x3169,0x316a,0x316b,0x316c,0x316d,0x316e,
    0x316f,0x3170,0x3171,0x3172,0x3173,0x3174,0x3175,0x3176,0x3177,0x3178,0x3179,0x317a,
    0x317b,0x317c,0x317d,0x317e,0x317f,0x3180,0x3181,0x3182,0x3183,0x3184,0x3185,0x3186,
    0x3187,0x3188,0x3189,0x318a,0x318b,0x318c,0x318d,0x318e,0x3192,0x3193,0x3194,0x3195,
    0x3196,0x3197,0x3198,0x3199,0x319a,0x319b,0x319c,0x319d,0x319e,0x319f,0x3200,0x3201,
    0x3202,0x3203,0x3204,0x3205,0x3206,0x3207,0x3208,0x3209,0x320a,0x320b,0x320c,0x320d,
    0x320e,0x320f,0x3210,0x3211,0x3212,0x3213,0x3214,0x3215,0x3216,0x3217,0x3218,0x3219,
    0x321a,0x321b,0x321c,0x321d,0x321e,0x3220,0x3221,0x3222,0x3223,0x3224,0x3225,0x3226,
    0x3227,0x3228,0x3229,0x322a,0x322b,0x322c,0x322d,0x322e,0x322f,0x3230,0x3231,0x3232,
    0x3233,0x3234,0x3235,0x3236,0x3237,0x3238,0x3239,0x323a,0x323b,0x323c,0x323d,0x323e,
    0x323f,0x3240,0x3241,0x3242,0x3243,0x3244,0x3245,0x3246,0x3247,0x3250,0x3251,0x3252,
    0x3253,0x3254,0x3255,0x3256,0x3257,0x3258,0x3259,0x325a,0x325b,0x325c,0x325d,0x325e,
    0x325f,0x3260,0x3261,0x3262,0x3263,0x3264,0x3265,0x3266,0x3267,0x3268,0x3269,0x326a,
    0x326b,0x326c,0x326d,0x326e,0x326f,0x3270,0x3271,0x3272,0x3273,0x3274,0x3275,0x3276,
    0x3277,0x3278,0x3279,0x327a,0x327b,0x327c,0x327d,0x327e,0x3280,0x3281,0x3282,0x3283,
    0x3284,0x3285,0x3286,0x3287,0x3288,0x3289,0x328a,0x328b,0x328c,0x328d,0x328e,0x328f,
    0x3290,0x3291,0x3292,0x3293,0x3294,0x3295,0x3296,0x3297,0x3298,0x3299,0x329a,0x329b,
    0x329c,0x329d,0x329e,0x329f,0x32a0,0x32a1,0x32a2,0x32a3,0x32a4,0x32a5,0x32a6,0x32a7,
    0x32a8,0x32a9,0x32aa,0x32ab,0x32ac,0x32ad,0x32ae,0x32af,0x32b0,0x32b1,0x32b2,0x32b3,
    0x32b4,0x32b5,0x32b6,0x32b7,0x32b8,0x32b9,0x32ba,0x32bb,0x32bc,0x32bd,0x32be,0x32bf,
    0x32c0,0x32c1,0x32c2,0x32c3,0x32c4,0x32c5,0x32c6,0x32c7,0x32c8,0x32c9,0x32ca,0x32cb,
    0x32cc,0x32cd,0x32ce,0x32cf,0x32d0,0x32d1,0x32d2,0x32d3,0x32d4,0x32d5,0x32d6,0x32d7,
    0x32d8,0x32d9,0x32da,0x32db,0x32dc,0x32dd,0x32de,0x32df,0x32e0,0x32e1,0x32e2,0x32e3,
    0x32e4,0x32e5,0x32e6,0x32e7,0x32e8,0x32e9,0x32ea,0x32eb,0x32ec,0x32ed,0x32ee,0x32ef,
    0x32f0,0x32f1,0x32f2,0x32f3,0x32f4,0x32f5,0x32f6,0x32f7,0x32f8,0x32f9,0x32fa,0x32fb,
    0x32fc,0x32fd,0x32fe,0x32ff,0x3300,0x3301,0x3302,0x3303,0x3304,0x3305,0x3306,0x3307,
    0x3308,0x3309,0x330a,0x330b,0x330c,0x330d,0x330e,0x330f,0x3310,0x3311,0x3312,0x3313,
    0x3314,0x3315,0x3316,0x3317,0x3318,0x3319,0x331a,0x331b,0x331c,0x331d,0x331e,0x331f,
    0x3320,0x3321,0x3322,0x3323,0x3324,0x3325,0x3326,0x3327,0x3328,0x3329,0x332a,0x332b,
    0x332c,0x332d,0x332e,0x332f,0x3330,0x3331,0x3332,0x3333,0x3334,0x3335,0x3336,0x3337,
    0x3338,0x3339,0x333a,0x333b,0x333c,0x333d,0x333e,0x333f,0x3340,0x3341,0x3342,0x3343,
    0x3344,0x3345,0x3346,0x3347,0x3348,0x3349,0x334a,0x334b,0x334c,0x334d,0x334e,0x334f,
    0x3350,0x3351,0x3352,0x3353,0x3354,0x3355,0x3356,0x3357,0x3358,0x3359,0x335a,0x335b,
    0x335c,0x335d,0x335e,0x335f,0x3360,0x3361,0x3362,0x3363,0x3364,0x3365,0x3366,0x3367,
    0x3368,0x3369,0x336a,0x336b,0x336c,0x336d,0x336e,0x336f,0x3370,0x3371,0x3372,0x3373,
    0x3374,0x3375,0x3376,0x3377,0x3378,0x3379,0x337a,0x337b,0x337c,0x337d,0x337e,0x337f,
    0x3380,0x3381,0x3382,0x3383,0x3384,0x3385,0x3386,0x3387,0x3388,0x3389,0x338a,0x338b,
    0x338c,0x338d,0x338e,0x338f,0x3390,0x3391,0x3392,0x3393,0x3394,0x3395,0x3396,0x3397,
    0x3398,0x3399,0x339a,0x339b,0x339c,0x339d,0x339e,0x339f,0x33a0,0x33a1,0x33a2,0x33a3,
    0x33a4,0x33a5,0x33a6,0x33a7,0x33a8,0x33a9,0x33aa,0x33ab,0x33ac,0x33ad,0x33ae,0x33af,
    0x33b0,0x33b1,0x33b2,0x33b3,0x33b4,0x33b5,0x33b6,0x33b7,0x33b8,0x33b9,0x33ba,0x33bb,
    0x33bc,0x33bd,0x33be,0x33bf,0x33c0,0x33c1,0x33c2,0x33c3,0x33c4,0x33c5,0x33c6,0x33c7,
    0x33c8,0x33c9,0x33ca,0x33cb,0x33cc,0x33cd,0x33ce,0x33cf,0x33d0,0x33d1,0x33d2,0x33d3,
    0x33d4,0x33d5,0x33d6,0x33d7,0x33d8,0x33d9,0x33da,0x33db,0x33dc,0x33dd,0x33de,0x33df,
    0x33e0,0x33e1,0x33e2,0x33e3,0x33e4,0x33e5,0x33e6,0x33e7,0x33e8,0x33e9,0x33ea,0x33eb,
    0x33ec,0x33ed,0x33ee,0x33ef,0x33f0,0x33f1,0x33f2,0x33f3,0x33f4,0x33f5,0x33f6,0x33f7,
    0x33f8,0x33f9,0x33fa,0x33fb,0x33fc,0x33fd,0x33fe,0x33ff,0xa69c,0xa69d,0xa770,0xa7f2,
    0xa7f3,0xa7f4,0xa7f8,0xa7f9,0xab5c,0xab5d,0xab5e,0xab5f,0xab69,0xf900,0xf901,0xf902,
    0xf903,0xf904,0xf905,0xf906,0xf907,0xf908,0xf909,0xf90a,0xf90b,0xf90c,0xf90d,0xf90e,
    0xf90f,0xf910,0xf911,0xf912,0xf913,0xf914,0xf915,0xf916,0xf917,0xf918,0xf919,0xf91a,
    0xf91b,0xf91c,0xf91d,0xf91e,0xf91f,0xf920,0xf921,0xf922,0xf923,0xf924,0xf925,0xf926,
    0xf927,0xf928,0xf929,0xf92a,0xf92b,0xf92c,0xf92d,0xf92e,0xf92f,0xf930,0xf931,0xf932,
    0xf933,0xf934,0xf935,0xf936,0xf937,0xf938,0xf939,0xf93a,0xf93b,0xf93c,0xf93d,0xf93e,
    0xf93f,0xf940,0xf941,0xf942,0xf943,0xf944,0xf945,0xf946,0xf947,0xf948,0xf949,0xf94a,
    0xf94b,0xf94c,0xf94d,0xf94e,0xf94f,0xf950,0xf951,0xf952,0xf953,0xf954,0xf955,0xf956,
    0xf957,0xf958,0xf959,0xf95a,0xf95b,0xf95c,0xf95d,0xf95e,0xf95f,0xf960,0xf961,0xf962,
    0xf963,0xf964,0xf965,0xf966,0xf967,0xf968,0xf969,0xf96a,0xf96b,0xf96c,0xf96d,0xf96e,
    0xf96f,0xf970,0xf971,0xf972,0xf973,0xf974,0xf975,0xf976,0xf977,0xf978,0xf979,0xf97a,
    0xf97b,0xf97c,0xf97d,0xf97e,0xf97f,0xf980,0xf981,0xf982,0xf983,0xf984,0xf985,0xf986,
    0xf987,0xf988,0xf989,0xf98a,0xf98b,0xf98c,0xf98d,0xf98e,0xf98f,0xf990,0xf991,0xf992,
    0xf993,0xf994,0xf995,0xf996,0xf997,0xf998,0xf999,0xf99a,0xf99b,0xf99c,0xf99d,0xf99e,
    0xf99f,0xf9a0,0xf9a1,0xf9a2,0xf9a3,0xf9a4,0xf9a5,0xf9a6,0xf9a7,0xf9a8,0xf9a9,0xf9aa,
    0xf9ab,0xf9ac,0xf9ad,0xf9ae,0xf9af,0xf9b0,0xf9b1,0xf9b2,0xf9b3,0xf9b4,0xf9b5,0xf9b6,
    0xf9b7,0xf9b8,0xf9b9,0xf9ba,0xf9bb,0xf9bc,0xf9bd,0xf9be,0xf9bf,0xf9c0,0xf9c1,0xf9c2,
    0xf9c3,0xf9c4,0xf9c5,0xf9c6,0xf9c7,0xf9c8,0xf9c9,0xf9ca,0xf9cb,0xf9cc,0xf9cd,0xf9ce,
    0xf9cf,0xf9d0,0xf9d1,0xf9d2,0xf9d3,0xf9d4,0xf9d5,0xf9d6,0xf9d7,0xf9d8,0xf9d9,0xf9da,
    0xf9db,0xf9dc,0xf9dd,0xf9de,0xf9df,0xf9e0,0xf9e1,0xf9e2,0xf9e3,0xf9e4,0xf9e5,0xf9e6,
    0xf9e7,0xf9e8,0xf9e9,0xf9ea,0xf9eb,0xf9ec,0xf9ed,0xf9ee,0xf9ef,0xf9f0,0xf9f1,0xf9f2,
    0xf9f3,0xf9f4,0xf9f5,0xf9f6,0xf9f7,0xf9f8,0xf9f9,0xf9fa,0xf9fb,0xf9fc,0xf9fd,0xf9fe,
    0xf9ff,0xfa00,0xfa01,0xfa02,0xfa03,0xfa04,0xfa05,0xfa06,0xfa07,0xfa08,0xfa09,0xfa0a,
    0xfa0b,0xfa0c,0xfa0d,0xfa10,0xfa12,0xfa15,0xfa16,0xfa17,0xfa18,0xfa19,0xfa1a,0xfa1b,
    0xfa1c,0xfa1d,0xfa1e,0xfa20,0xfa22,0xfa25,0xfa26,0xfa2a,0xfa2b,0xfa2c,0xfa2d,0xfa2e,
    0xfa2f,0xfa30,0xfa31,0xfa32,0xfa33,0xfa34,0xfa35,0xfa36,0xfa37,0xfa38,0xfa39,0xfa3a,
    0xfa3b,0xfa3c,0xfa3d,0xfa3e,0xfa3f,0xfa40,0xfa41,0xfa42,0xfa43,0xfa44,0xfa45,0xfa46,
    0xfa47,0xfa48,0xfa49,0xfa4a,0xfa4b,0xfa4c,0xfa4d,0xfa4e,0xfa4f,0xfa50,0xfa51,0xfa52,
    0xfa53,0xfa54,0xfa55,0xfa56,0xfa57,0xfa58,0xfa59,0xfa5a,0xfa5b,0xfa5c,0xfa5d,0xfa5e,
    0xfa5f,0xfa60,0xfa61,0xfa62,0xfa63,0xfa64,0xfa65,0xfa66,0xfa67,0xfa68,0xfa69,0xfa6a,
    0xfa6b,0xfa6c,0xfa6d,0xfa70,0xfa71,0xfa72,0xfa73,0xfa74,0xfa75,0xfa76,0xfa77,0xfa78,
    0xfa79,0xfa7a,0xfa7b,0xfa7c,0xfa7d,0xfa7e,0xfa7f,0xfa80,0xfa81,0xfa82,0xfa83,0xfa84,
    0xfa85,0xfa86,0xfa87,0xfa88,0xfa89,0xfa8a,0xfa8b,0xfa8c,0xfa8d,0xfa8e,0xfa8f,0xfa90,
    0xfa91,0xfa92,0xfa93,0xfa94,0xfa95,0xfa96,0xfa97,0xfa98,0xfa99,0xfa9a,0xfa9b,0xfa9c,
    0xfa9d,0xfa9e,0xfa9f,0xfaa0,0xfaa1,0xfaa2,0xfaa3,0xfaa4,0xfaa5,0xfaa6,0xfaa7,0xfaa8,
    0xfaa9,0xfaaa,0xfaab,0xfaac,0xfaad,0xfaae,0xfaaf,0xfab0,0xfab1,0xfab2,0xfab3,0xfab4,
    0xfab5,0xfab6,0xfab7,0xfab8,0xfab9,0xfaba,0xfabb,0xfabc,0xfabd,0xfabe,0xfabf,0xfac0,
    0xfac1,0xfac2,0xfac3,0xfac4,0xfac5,0xfac6,0xfac7,0xfac8,0xfac9,0xfaca,0xfacb,0xfacc,
    0xfacd,0xface,0xfacf,0xfad0,0xfad1,0xfad2,0xfad3,0xfad4,0xfad5,0xfad6,0xfad7,0xfad8,
    0xfad9,0xfb00,0xfb01,0xfb02,0xfb03,0xfb04,0xfb05,0xfb06,0xfb13,0xfb14,0xfb15,0xfb16,
    0xfb17,0xfb1d,0xfb1f,0xfb20,0xfb21,0xfb22,0xfb23,0xfb24,0xfb25,0xfb26,0xfb27,0xfb28,
    0xfb29,0xfb2a,0xfb2b,0xfb2c,0xfb2d,0xfb2e,0xfb2f,0xfb30,0xfb31,0xfb32,0xfb33,0xfb34,
    0xfb35,0xfb36,0xfb38,0xfb39,0xfb3a,0xfb3b,0xfb3c,0xfb3e,0xfb40,0xfb41,0xfb43,0xfb44,
    0xfb46,0xfb47,0xfb48,0xfb49,0xfb4a,0xfb4b,0xfb4c,0xfb4d,0xfb4e,0xfb4f,0xfb50,0xfb51,
    0xfb52,0xfb53,0xfb54,0xfb55,0xfb56,0xfb57,0xfb58,0xfb59,0xfb5a,0xfb5b,0xfb5c,0xfb5d,
    0xfb5e,0xfb5f,0xfb60,0xfb61,0xfb62,0xfb63,0xfb64,0xfb65,0xfb66,0xfb67,0xfb68,0xfb69,
    0xfb6a,0xfb6b,0xfb6c,0xfb6d,0xfb6e,0xfb6f,0xfb70,0xfb71,0xfb72,0xfb73,0xfb74,0xfb75,
    0xfb76,0xfb77,0xfb78,0xfb79,0xfb7a,0xfb7b,0xfb7c,0xfb7d,0xfb7e,0xfb7f,0xfb80,0xfb81,
    0xfb82,0xfb83,0xfb84,0xfb85,0xfb86,0xfb87,0xfb88,0xfb89,0xfb8a,0xfb8b,0xfb8c,0xfb8d,
    0xfb8e,0xfb8f,0xfb90,0xfb91,0xfb92,0xfb93,0xfb94,0xfb95,0xfb96,0xfb97,0xfb98,0xfb99,
    0xfb9a,0xfb9b,0xfb9c,0xfb9d,0xfb9e,0xfb9f,0xfba0,0xfba1,0xfba2,0xfba3,0xfba4,0xfba5,
    0xfba6,0xfba7,0xfba8,0xfba9,0xfbaa,0xfbab,0xfbac,0xfbad,0xfbae,0xfbaf,0xfbb0,0xfbb1,
    0xfbd3,0xfbd4,0xfbd5,0xfbd6,0xfbd7,0xfbd8,0xfbd9,0xfbda,0xfbdb,0xfbdc,0xfbdd,0xfbde,
    0xfbdf,0xfbe0,0xfbe1,0xfbe2,0xfbe3,0xfbe4,0xfbe5,0xfbe6,0xfbe7,0xfbe8,0xfbe9,0xfbea,
    0xfbeb,0xfbec,0xfbed,0xfbee,0xfbef,0xfbf0,0xfbf1,0xfbf2,0xfbf3,0xfbf4,0xfbf5,0xfbf6,
    0xfbf7,0xfbf8,0xfbf9,0xfbfa,0xfbfb,0xfbfc,0xfbfd,0xfbfe,0xfbff,0xfc00,0xfc01,0xfc02,
    0xfc03,0xfc04,0xfc05,0xfc06,0xfc07,0xfc08,0xfc09,0xfc0a,0xfc0b,0xfc0c,0xfc0d,0xfc0e,
    0xfc0f,0xfc10,0xfc11,0xfc12,0xfc13,0xfc14,0xfc15,0xfc16,0xfc17,0xfc18,0xfc19,0xfc1a,
    0xfc1b,0xfc1c,0xfc1d,0xfc1e,0xfc1f,0xfc20,0xfc21,0xfc22,0xfc23,0xfc24,0xfc25,0xfc26,
    0xfc27,0xfc28,0xfc29,0xfc2a,0xfc2b,0xfc2c,0xfc2d,0xfc2e,0xfc2f,0xfc30,0xfc31,0xfc32,
    0xfc33,0xfc34,0xfc35,0xfc36,0xfc37,0xfc38,0xfc39,0xfc3a,0xfc3b,0xfc3c,0xfc3d,0xfc3e,
    0xfc3f,0xfc40,0xfc41,0xfc42,0xfc43,0xfc44,0xfc45,0xfc46,0xfc47,0xfc48,0xfc49,0xfc4a,
    0xfc4b,0xfc4c,0xfc4d,0xfc4e,0xfc4f,0xfc50,0xfc51,0xfc52,0xfc53,0xfc54,0xfc55,0xfc56,
    0xfc57,0xfc58,0xfc59,0xfc5a,0xfc5b,0xfc5c,0xfc5d,0xfc5e,0xfc5f,0xfc60,0xfc61,0xfc62,
    0xfc63,0xfc64,0xfc65,0xfc66,0xfc67,0xfc68,0xfc69,0xfc6a,0xfc6b,0xfc6c,0xfc6d,0xfc6e,
    0xfc6f,0xfc70,0xfc71,0xfc72,0xfc73,0xfc74,0xfc75,0xfc76,0xfc77,0xfc78,0xfc79,0xfc7a,
    0xfc7b,0xfc7c,0xfc7d,0xfc7e,0xfc7f,0xfc80,0xfc81,0xfc82,0xfc83,0xfc84,0xfc85,0xfc86,
    0xfc87,0xfc88,0xfc89,0xfc8a,0xfc8b,0xfc8c,0xfc8d,0xfc8e,0xfc8f,0xfc90,0xfc91,0xfc92,
    0xfc93,0xfc94,0xfc95,0xfc96,0xfc97,0xfc98,0xfc99,0xfc9a,0xfc9b,0xfc9c,0xfc9d,0xfc9e,
    0xfc9f,0xfca0,0xfca1,0xfca2,0xfca3,0xfca4,0xfca5,0xfca6,0xfca7,0xfca8,0xfca9,0xfcaa,
    0xfcab,0xfcac,0xfcad,0xfcae,0xfcaf,0xfcb0,0xfcb1,0xfcb2,0xfcb3,0xfcb4,0xfcb5,0xfcb6,
    0xfcb7,0xfcb8,0xfcb9,0xfcba,0xfcbb,0xfcbc,0xfcbd,0xfcbe,0xfcbf,0xfcc0,0xfcc1,0xfcc2,
    0xfcc3,0xfcc4,0xfcc5,0xfcc6,0xfcc7,0xfcc8,0xfcc9,0xfcca,0xfccb,0xfccc,0xfccd,0xfcce,
    0xfccf,0xfcd0,0xfcd1,0xfcd2,0xfcd3,0xfcd4,0xfcd5,0xfcd6,0xfcd7,0xfcd8,0xfcd9,0xfcda,
    0xfcdb,0xfcdc,0xfcdd,0xfcde,0xfcdf,0xfce0,0xfce1,0xfce2,0xfce3,0xfce4,0xfce5,0xfce6,
    0xfce7,0xfce8,0xfce9,0xfcea,0xfceb,0xfcec,0xfced,0xfcee,0xfcef,0xfcf0,0xfcf1,0xfcf2,
    0xfcf3,0xfcf4,0xfcf5,0xfcf6,0xfcf7,0xfcf8,0xfcf9,0xfcfa,0xfcfb,0xfcfc,0xfcfd,0xfcfe,
    0xfcff,0xfd00,0xfd01,0xfd02,0xfd03,0xfd04,0xfd05,0xfd06,0xfd07,0xfd08,0xfd09,0xfd0a,
    0xfd0b,0xfd0c,0xfd0d,0xfd0e,0xfd0f,0xfd10,0xfd11,0xfd12,0xfd13,0xfd14,0xfd15,0xfd16,
    0xfd17,0xfd18,0xfd19,0xfd1a,0xfd1b,0xfd1c,0xfd1d,0xfd1e,0xfd1f,0xfd20,0xfd21,0xfd22,
    0xfd23,0xfd24,0xfd25,0xfd26,0xfd27,0xfd28,0xfd29,0xfd2a,0xfd2b,0xfd2c,0xfd2d,0xfd2e,
    0xfd2f,0xfd30,0xfd31,0xfd32,0xfd33,0xfd34,0xfd35,0xfd36,0xfd37,0xfd38,0xfd39,0xfd3a,
    0xfd3b,0xfd3c,0xfd3d,0xfd50,0xfd51,0xfd52,0xfd53,0xfd54,0xfd55,0xfd56,0xfd57,0xfd58,
    0xfd59,0xfd5a,0xfd5b,0xfd5c,0xfd5d,0xfd5e,0xfd5f,0xfd60,0xfd61,0xfd62,0xfd63,0xfd64,
    0xfd65,0xfd66,0xfd67,0xfd68,0xfd69,0xfd6a,0xfd6b,0xfd6c,0xfd6d,0xfd6e,0xfd6f,0xfd70,
    0xfd71,0xfd72,0xfd73,0xfd74,0xfd75,0xfd76,0xfd77,0xfd78,0xfd79,0xfd7a,0xfd7b,0xfd7c,
    0xfd7d,0xfd7e,0xfd7f,0xfd80,0xfd81,0xfd82,0xfd83,0xfd84,0xfd85,0xfd86,0xfd87,0xfd88,
    0xfd89,0xfd8a,0xfd8b,0xfd8c,0xfd8d,0xfd8e,0xfd8f,0xfd92,0xfd93,0xfd94,0xfd95,0xfd96,
    0xfd97,0xfd98,0xfd99,0xfd9a,0xfd9b,0xfd9c,0xfd9d,0xfd9e,0xfd9f,0xfda0,0xfda1,0xfda2,
    0xfda3,0xfda4,0xfda5,0xfda6,0xfda7,0xfda8,0xfda9,0xfdaa,0xfdab,0xfdac,0xfdad,0xfdae,
    0xfdaf,0xfdb0,0xfdb1,0xfdb2,0xfdb3,0xfdb4,0xfdb5,0xfdb6,0xfdb7,0xfdb8,0xfdb9,0xfdba,
    0xfdbb,0xfdbc,0xfdbd,0xfdbe,0xfdbf,0xfdc0,0xfdc1,0xfdc2,0xfdc3,0xfdc4,0xfdc5,0xfdc6,
    0xfdc7,0xfdf0,0xfdf1,0xfdf2,0xfdf3,0xfdf4,0xfdf5,0xfdf6,0xfdf7,0xfdf8,0xfdf9,0xfdfa,
    0xfdfb,0xfdfc,0xfe10,0xfe11,0xfe12,0xfe13,0xfe14,0xfe15,0xfe16,0xfe17,0xfe18,0xfe19,
    0xfe30,0xfe31,0xfe32,0xfe33,0xfe34,0xfe35,0xfe36,0xfe37,0xfe38,0xfe39,0xfe3a,0xfe3b,
    0xfe3c,0xfe3d,0xfe3e,0xfe3f,0xfe40,0xfe41,0xfe42,0xfe43,0xfe44,0xfe47,0xfe48,0xfe49,
    0xfe4a,0xfe4b,0xfe4c,0xfe4d,0xfe4e,0xfe4f,0xfe50,0xfe51,0xfe52,0xfe54,0xfe55,0xfe56,
    0xfe57,0xfe58,0xfe59,0xfe5a,0xfe5b,0xfe5c,0xfe5d,0xfe5e,0xfe5f,0xfe60,0xfe61,0xfe62,
    0xfe63,0xfe64,0xfe65,0xfe66,0xfe68,0xfe69,0xfe6a,0xfe6b,0xfe70,0xfe71,0xfe72,0xfe74,
    0xfe76,0xfe77,0xfe78,0xfe79,0xfe7a,0xfe7b,0xfe7c,0xfe7d,0xfe7e,0xfe7f,0xfe80,0xfe81,
    0xfe82,0xfe83,0xfe84,0xfe85,0xfe86,0xfe87,0xfe88,0xfe89,0xfe8a,0xfe8b,0xfe8c,0xfe8d,
    0xfe8e,0xfe8f,0xfe90,0xfe91,0xfe92,0xfe93,0xfe94,0xfe95,0xfe96,0xfe97,0xfe98,0xfe99,
    0xfe9a,0xfe9b,0xfe9c,0xfe9d,0xfe9e,0xfe9f,0xfea0,0xfea1,0xfea2,0xfea3,0xfea4,0xfea5,
    0xfea6,0xfea7,0xfea8,0xfea9,0xfeaa,0xfeab,0xfeac,0xfead,0xfeae,0xfeaf,0xfeb0,0xfeb1,
    0xfeb2,0xfeb3,0xfeb4,0xfeb5,0xfeb6,0xfeb7,0xfeb8,0xfeb9,0xfeba,0xfebb,0xfebc,0xfebd,
    0xfebe,0xfebf,0xfec0,0xfec1,0xfec2,0xfec3,0xfec4,0xfec5,0xfec6,0xfec7,0xfec8,0xfec9,
    0xfeca,0xfecb,0xfecc,0xfecd,0xfece,0xfecf,0xfed0,0xfed1,0xfed2,0xfed3,0xfed4,0xfed5,
    0xfed6,0xfed7,0xfed8,0xfed9,0xfeda,0xfedb,0xfedc,0xfedd,0xfede,0xfedf,0xfee0,0xfee1,
    0xfee2,0xfee3,0xfee4,0xfee5,0xfee6,0xfee7,0xfee8,0xfee9,0xfeea,0xfeeb,0xfeec,0xfeed,
    0xfeee,0xfeef,0xfef0,0xfef1,0xfef2,0xfef3,0xfef4,0xfef5,0xfef6,0xfef7,0xfef8,0xfef9,
    0xfefa,0xfefb,0xfefc,0xff01,0xff02,0xff03,0xff04,0xff05,0xff06,0xff07,0xff08,0xff09,
    0xff0a,0xff0b,0xff0c,0xff0d,0xff0e,0xff0f,0xff10,0xff11,0xff12,0xff13,0xff14,0xff15,
    0xff16,0xff17,0xff18,0xff19,0xff1a,0xff1b,0xff1c,0xff1d,0xff1e,0xff1f,0xff20,0xff21,
    0xff22,0xff23,0xff24,0xff25,0xff26,0xff27,0xff28,0xff29,0xff2a,0xff2b,0xff2c,0xff2d,
    0xff2e,0xff2f,0xff30,0xff31,0xff32,0xff33,0xff34,0xff35,0xff36,0xff37,0xff38,0xff39,
    0xff3a,0xff3b,0xff3c,0xff3d,0xff3e,0xff3f,0xff40,0xff41,0xff42,0xff43,0xff44,0xff45,
    0xff46,0xff47,0xff48,0xff49,0xff4a,0xff4b,0xff4c,0xff4d,0xff4e,0xff4f,0xff50,0xff51,
    0xff52,0xff53,0xff54,0xff55,0xff56,0xff57,0xff58,0xff59,0xff5a,0xff5b,0xff5c,0xff5d,
    0xff5e,0xff5f,0xff60,0xff61,0xff62,0xff63,0xff64,0xff65,0xff66,0xff67,0xff68,0xff69,
    0xff6a,0xff6b,0xff6c,0xff6d,0xff6e,0xff6f,0xff70,0xff71,0xff72,0xff73,0xff74,0xff75,
    0xff76,0xff77,0xff78,0xff79,0xff7a,0xff7b,0xff7c,0xff7d,0xff7e,0xff7f,0xff80,0xff81,
    0xff82,0xff83,0xff84,0xff85,0xff86,0xff87,0xff88,0xff89,0xff8a,0xff8b,0xff8c,0xff8d,
    0xff8e,0xff8f,0xff90,0xff91,0xff92,0xff93,0xff94,0xff95,0xff96,0xff97,0xff98,0xff99,
    0xff9a,0xff9b,0xff9c,0xff9d,0xff9e,0xff9f,0xffa0,0xffa1,0xffa2,0xffa3,0xffa4,0xffa5,
    0xffa6,0xffa7,0xffa8,0xffa9,0xffaa,0xffab,0xffac,0xffad,0xffae,0xffaf,0xffb0,0xffb1,
    0xffb2,0xffb3,0xffb4,0xffb5,0xffb6,0xffb7,0xffb8,0xffb9,0xffba,0xffbb,0xffbc,0xffbd,
    0xffbe,0xffc2,0xffc3,0xffc4,0xffc5,0xffc6,0xffc7,0xffca,0xffcb,0xffcc,0xffcd,0xffce,
    0xffcf,0xffd2,0xffd3,0xffd4,0xffd5,0xffd6,0xffd7,0xffda,0xffdb,0xffdc,0xffe0,0xffe1,
    0xffe2,0xffe3,0xffe4,0xffe5,0xffe6,0xffe8,0xffe9,0xffea,0xffeb,0xffec,0xffed,0xffee,
    0x10781,0x10782,0x10783,0x10784,0x10785,0x10787,0x10788,0x10789,0x1078a,0x1078b,0x1078c,0x1078d,
    0x1078e,0x1078f,0x10790,0x10791,0x10792,0x10793,0x10794,0x10795,0x10796,0x10797,0x10798,0x10799,
    0x1079a,0x1079b,0x1079c,0x1079d,0x1079e,0x1079f,0x107a0,0x107a1,0x107a2,0x107a3,0x107a4,0x107a5,
    0x107a6,0x107a7,0x107a8,0x107a9,0x107aa,0x107ab,0x107ac,0x107ad,0x107ae,0x107af,0x107b0,0x107b2,
    0x107b3,0x107b4,0x107b5,0x107b6,0x107b7,0x107b8,0x107b9,0x107ba,0x1109a,0x1109c,0x110ab,0x1112e,
    0x1112f,0x1134b,0x1134c,0x114bb,0x114bc,0x114be,0x115ba,0x115bb,0x11938,0x1d15e,0x1d15f,0x1d160,
    0x1d161,0x1d162,0x1d163,0x1d164,0x1d1bb,0x1d1bc,0x1d1bd,0x1d1be,0x1d1bf,0x1d1c0,0x1d400,0x1d401,
    0x1d402,0x1d403,0x1d404,0x1d405,0x1d406,0x1d407,0x1d408,0x1d409,0x1d40a,0x1d40b,0x1d40c,0x1d40d,
    0x1d40e,0x1d40f,0x1d410,0x1d411,0x1d412,0x1d413,0x1d414,0x1d415,0x1d416,0x1d417,0x1d418,0x1d419,
    0x1d41a,0x1d41b,0x1d41c,0x1d41d,0x1d41e,0x1d41f,0x1d420,0x1d421,0x1d422,0x1d423,0x1d424,0x1d425,
    0x1d426,0x1d427,0x1d428,0x1d429,0x1d42a,0x1d42b,0x1d42c,0x1d42d,0x1d42e,0x1d42f,0x1d430,0x1d431,
    0x1d432,0x1d433,0x1d434,0x1d435,0x1d436,0x1d437,0x1d438,0x1d439,0x1d43a,0x1d43b,0x1d43c,0x1d43d,
    0x1d43e,0x1d43f,0x1d440,0x1d441,0x1d442,0x1d443,0x1d444,0x1d445,0x1d446,0x1d447,0x1d448,0x1d449,
    0x1d44a,0x1d44b,0x1d44c,0x1d44d,0x1d44e,0x1d44f,0x1d450,0x1d451,0x1d452,0x1d453,0x1d454,0x1d456,
    0x1d457,0x1d458,0x1d459,0x1d45a,0x1d45b,0x1d45c,0x1d45d,0x1d45e,0x1d45f,0x1d460,0x1d461,0x1d462,
    0x1d463,0x1d464,0x1d465,0x1d466,0x1d467,0x1d468,0x1d469,0x1d46a,0x1d46b,0x1d46c,0x1d46d,0x1d46e,
    0x1d46f,0x1d470,0x1d471,0x1d472,0x1d473,0x1d474,0x1d475,0x1d476,0x1d477,0x1d478,0x1d479,0x1d47a,
    0x1d47b,0x1d47c,0x1d47d,0x1d47e,0x1d47f,0x1d480,0x1d481,0x1d482,0x1d483,0x1d484,0x1d485,0x1d486,
    0x1d487,0x1d488,0x1d489,0x1d48a,0x1d48b,0x1d48c,0x1d48d,0x1d48e,0x1d48f,0x1d490,0x1d491,0x1d492,
    0x1d493,0x1d494,0x1d495,0x1d496,0x1d497,0x1d498,0x1d499,0x1d49a,0x1d49b,0x1d49c,0x1d49e,0x1d49f,
    0x1d4a2,0x1d4a5,0x1d4a6,0x1d4a9,0x1d4aa,0x1d4ab,0x1d4ac,0x1d4ae,0x1d4af,0x1d4b0,0x1d4b1,0x1d4b2,
    0x1d4b3,0x1d4b4,0x1d4b5,0x1d4b6,0x1d4b7,0x1d4b8,0x1d4b9,0x1d4bb,0x1d4bd,0x1d4be,0x1d4bf,0x1d4c0,
    0x1d4c1,0x1d4c2,0x1d4c3,0x1d4c5,0x1d4c6,0x1d4c7,0x1d4c8,0x1d4c9,0x1d4ca,0x1d4cb,0x1d4cc,0x1d4cd,
    0x1d4ce,0x1d4cf,0x1d4d0,0x1d4d1,0x1d4d2,0x1d4d3,0x1d4d4,0x1d4d5,0x1d4d6,0x1d4d7,0x1d4d8,0x1d4d9,
    0x1d4da,0x1d4db,0x1d4dc,0x1d4dd,0x1d4de,0x1d4df,0x1d4e0,0x1d4e1,0x1d4e2,0x1d4e3,0x1d4e4,0x1d4e5,
    0x1d4e6,0x1d4e7,0x1d4e8,0x1d4e9,0x1d4ea,0x1d4eb,0x1d4ec,0x1d4ed,0x1d4ee,0x1d4ef,0x1d4f0,0x1d4f1,
    0x1d4f2,0x1d4f3,0x1d4f4,0x1d4f5,0x1d4f6,0x1d4f7,0x1d4f8,0x1d4f9,0x1d4fa,0x1d4fb,0x1d4fc,0x1d4fd,
    0x1d4fe,0x1d4ff,0x1d500,0x1d501,0x1d502,0x1d503,0x1d504,0x1d505,0x1d507,0x1d508,0x1d509,0x1d50a,
    0x1d50d,0x1d50e,0x1d50f,0x1d510,0x1d511,0x1d512,0x1d513,0x1d514,0x1d516,0x1d517,0x1d518,0x1d519,
    0x1d51a,0x1d51b,0x1d51c,0x1d51e,0x1d51f,0x1d520,0x1d521,0x1d522,0x1d523,0x1d524,0x1d525,0x1d526,
    0x1d527,0x1d528,0x1d529,0x1d52a,0x1d52b,0x1d52c,0x1d52d,0x1d52e,0x1d52f,0x1d530,0x1d531,0x1d532,
    0x1d533,0x1d534,0x1d535,0x1d536,0x1d537,0x1d538,0x1d539,0x1d53b,0x1d53c,0x1d53d,0x1d53e,0x1d540,
    0x1d541,0x1d542,0x1d543,0x1d544,0x1d546,0x1d54a,0x1d54b,0x1d54c,0x1d54d,0x1d54e,0x1d54f,0x1d550,
    0x1d552,0x1d553,0x1d554,0x1d555,0x1d556,0x1d557,0x1d558,0x1d559,0x1d55a,0x1d55b,0x1d55c,0x1d55d,
    0x1d55e,0x1d55f,0x1d560,0x1d561,0x1d562,0x1d563,0x1d564,0x1d565,0x1d566,0x1d567,0x1d568,0x1d569,
    0x1d56a,0x1d56b,0x1d56c,0x1d56d,0x1d56e,0x1d56f,0x1d570,0x1d571,0x1d572,0x1d573,0x1d574,0x1d575,
    0x1d576,0x1d577,0x1d578,0x1d579,0x1d57a,0x1d57b,0x1d57c,0x1d57d,0x1d57e,0x1d57f,0x1d580,0x1d581,
    0x1d582,0x1d583,0x1d584,0x1d585,0x1d586,0x1d587,0x1d588,0x1d589,0x1d58a,0x1d58b,0x1d58c,0x1d58d,
    0x1d58e,0x1d58f,0x1d590,0x1d591,0x1d592,0x1d593,0x1d594,0x1d595,0x1d596,0x1d597,0x1d598,0x1d599,
    0x1d59a,0x1d59b,0x1d59c,0x1d59d,0x1d59e,0x1d59f,0x1d5a0,0x1d5a1,0x1d5a2,0x1d5a3,0x1d5a4,0x1d5a5,
    0x1d5a6,0x1d5a7,0x1d5a8,0x1d5a9,0x1d5aa,0x1d5ab,0x1d5ac,0x1d5ad,0x1d5ae,0x1d5af,0x1d5b0,0x1d5b1,
    0x1d5b2,0x1d5b3,0x1d5b4,0x1d5b5,0x1d5b6,0x1d5b7,0x1d5b8,0x1d5b9,0x1d5ba,0x1d5bb,0x1d5bc,0x1d5bd,
    0x1d5be,0x1d5bf,0x1d5c0,0x1d5c1,0x1d5c2,0x1d5c3,0x1d5c4,0x1d5c5,0x1d5c6,0x1d5c7,0x1d5c8,0x1d5c9,
    0x1d5ca,0x1d5cb,0x1d5cc,0x1d5cd,0x1d5ce,0x1d5cf,0x1d5d0,0x1d5d1,0x1d5d2,0x1d5d3,0x1d5d4,0x1d5d5,
    0x1d5d6,0x1d5d7,0x1d5d8,0x1d5d9,0x1d5da,0x1d5db,0x1d5dc,0x1d5dd,0x1d5de,0x1d5df,0x1d5e0,0x1d5e1,
    0x1d5e2,0x1d5e3,0x1d5e4,0x1d5e5,0x1d5e6,0x1d5e7,0x1d5e8,0x1d5e9,0x1d5ea,0x1d5eb,0x1d5ec,0x1d5ed,
    0x1d5ee,0x1d5ef,0x1d5f0,0x1d5f1,0x1d5f2,0x1d5f3,0x1d5f4,0x1d5f5,0x1d5f6,0x1d5f7,0x1d5f8,0x1d5f9,
    0x1d5fa,0x1d5fb,0x1d5fc,0x1d5fd,0x1d5fe,0x1d5ff,0x1d600,0x1d601,0x1d602,0x1d603,0x1d604,0x1d605,
    0x1d606,0x1d607,0x1d608,0x1d609,0x1d60a,0x1d60b,0x1d60c,0x1d60d,0x1d60e,0x1d60f,0x1d610,0x1d611,
    0x1d612,0x1d613,0x1d614,0x1d615,0x1d616,0x1d617,0x1d618,0x1d619,0x1d61a,0x1d61b,0x1d61c,0x1d61d,
    0x1d61e,0x1d61f,0x1d620,0x1d621,0x1d622,0x1d623,0x1d624,0x1d625,0x1d626,0x1d627,0x1d628,0x1d629,
    0x1d62a,0x1d62b,0x1d62c,0x1d62d,0x1d62e,0x1d62f,0x1d630,0x1d631,0x1d632,0x1d633,0x1d634,0x1d635,
    0x1d636,0x1d637,0x1d638,0x1d639,0x1d63a,0x1d63b,0x1d63c,0x1d63d,0x1d63e,0x1d63f,0x1d640,0x1d641,
    0x1d642,0x1d643,0x1d644,0x1d645,0x1d646,0x1d647,0x1d648,0x1d649,0x1d64a,0x1d64b,0x1d64c,0x1d64d,
    0x1d64e,0x1d64f,0x1d650,0x1d651,0x1d652,0x1d653,0x1d654,0x1d655,0x1d656,0x1d657,0x1d658,0x1d659,
    0x1d65a,0x1d65b,0x1d65c,0x1d65d,0x1d65e,0x1d65f,0x1d660,0x1d661,0x1d662,0x1d663,0x1d664,0x1d665,
    0x1d666,0x1d667,0x1d668,0x1d669,0x1d66a,0x1d66b,0x1d66c,0x1d66d,0x1d66e,0x1d66f,0x1d670,0x1d671,
    0x1d672,0x1d673,0x1d674,0x1d675,0x1d676,0x1d677,0x1d678,0x1d679,0x1d67a,0x1d67b,0x1d67c,0x1d67d,
    0x1d67e,0x1d67f,0x1d680,0x1d681,0x1d682,0x1d683,0x1d684,0x1d685,0x1d686,0x1d687,0x1d688,0x1d689,
    0x1d68a,0x1d68b,0x1d68c,0x1d68d,0x1d68e,0x1d68f,0x1d690,0x1d691,0x1d692,0x1d693,0x1d694,0x1d695,
    0x1d696,0x1d697,0x1d698,0x1d699,0x1d69a,0x1d69b,0x1d69c,0x1d69d,0x1d69e,0x1d69f,0x1d6a0,0x1d6a1,
    0x1d6a2,0x1d6a3,0x1d6a4,0x1d6a5,0x1d6a8,0x1d6a9,0x1d6aa,0x1d6ab,0x1d6ac,0x1d6ad,0x1d6ae,0x1d6af,
    0x1d6b0,0x1d6b1,0x1d6b2,0x1d6b3,0x1d6b4,0x1d6b5,0x1d6b6,0x1d6b7,0x1d6b8,0x1d6b9,0x1d6ba,0x1d6bb,
    0x1d6bc,0x1d6bd,0x1d6be,0x1d6bf,0x1d6c0,0x1d6c1,0x1d6c2,0x1d6c3,0x1d6c4,0x1d6c5,0x1d6c6,0x1d6c7,
    0x1d6c8,0x1d6c9,0x1d6ca,0x1d6cb,0x1d6cc,0x1d6cd,0x1d6ce,0x1d6cf,0x1d6d0,0x1d6d1,0x1d6d2,0x1d6d3,
    0x1d6d4,0x1d6d5,0x1d6d6,0x1d6d7,0x1d6d8,0x1d6d9,0x1d6da,0x1d6db,0x1d6dc,0x1d6dd,0x1d6de,0x1d6df,
    0x1d6e0,0x1d6e1,0x1d6e2,0x1d6e3,0x1d6e4,0x1d6e5,0x1d6e6,0x1d6e7,0x1d6e8,0x1d6e9,0x1d6ea,0x1d6eb,
    0x1d6ec,0x1d6ed,0x1d6ee,0x1d6ef,0x1d6f0,0x1d6f1,0x1d6f2,0x1d6f3,0x1d6f4,0x1d6f5,0x1d6f6,0x1d6f7,
    0x1d6f8,0x1d6f9,0x1d6fa,0x1d6fb,0x1d6fc,0x1d6fd,0x1d6fe,0x1d6ff,0x1d700,0x1d701,0x1d702,0x1d703,
    0x1d704,0x1d705,0x1d706,0x1d707,0x1d708,0x1d709,0x1d70a,0x1d70b,0x1d70c,0x1d70d,0x1d70e,0x1d70f,
    0x1d710,0x1d711,0x1d712,0x1d713,0x1d714,0x1d715,0x1d716,0x1d717,0x1d718,0x1d719,0x1d71a,0x1d71b,
    0x1d71c,0x1d71d,0x1d71e,0x1d71f,0x1d720,0x1d721,0x1d722,0x1d723,0x1d724,0x1d725,0x1d726,0x1d727,
    0x1d728,0x1d729,0x1d72a,0x1d72b,0x1d72c,0x1d72d,0x1d72e,0x1d72f,0x1d730,0x1d731,0x1d732,0x1d733,
    0x1d734,0x1d735,0x1d736,0x1d737,0x1d738,0x1d739,0x1d73a,0x1d73b,0x1d73c,0x1d73d,0x1d73e,0x1d73f,
    0x1d740,0x1d741,0x1d742,0x1d743,0x1d744,0x1d745,0x1d746,0x1d747,0x1d748,0x1d749,0x1d74a,0x1d74b,
    0x1d74c,0x1d74d,0x1d74e,0x1d74f,0x1d750,0x1d751,0x1d752,0x1d753,0x1d754,0x1d755,0x1d756,0x1d757,
    0x1d758,0x1d759,0x1d75a,0x1d75b,0x1d75c,0x1d75d,0x1d75e,0x1d75f,0x1d760,0x1d761,0x1d762,0x1d763,
    0x1d764,0x1d765,0x1d766,0x1d767,0x1d768,0x1d769,0x1d76a,0x1d76b,0x1d76c,0x1d76d,0x1d76e,0x1d76f,
    0x1d770,0x1d771,0x1d772,0x1d773,0x1d774,0x1d775,0x1d776,0x1d777,0x1d778,0x1d779,0x1d77a,0x1d77b,
    0x1d77c,0x1d77d,0x1d77e,0x1d77f,0x1d780,0x1d781,0x1d782,0x1d783,0x1d784,0x1d785,0x1d786,0x1d787,
    0x1d788,0x1d789,0x1d78a,0x1d78b,0x1d78c,0x1d78d,0x1d78e,0x1d78f,0x1d790,0x1d791,0x1d792,0x1d793,
    0x1d794,0x1d795,0x1d796,0x1d797,0x1d798,0x1d799,0x1d79a,0x1d79b,0x1d79c,0x1d79d,0x1d79e,0x1d79f,
    0x1d7a0,0x1d7a1,0x1d7a2,0x1d7a3,0x1d7a4,0x1d7a5,0x1d7a6,0x1d7a7,0x1d7a8,0x1d7a9,0x1d7aa,0x1d7ab,
    0x1d7ac,0x1d7ad,0x1d7ae,0x1d7af,0x1d7b0,0x1d7b1,0x1d7b2,0x1d7b3,0x1d7b4,0x1d7b5,0x1d7b6,0x1d7b7,
    0x1d7b8,0x1d7b9,0x1d7ba,0x1d7bb,0x1d7bc,0x1d7bd,0x1d7be,0x1d7bf,0x1d7c0,0x1d7c1,0x1d7c2,0x1d7c3,
    0x1d7c4,0x1d7c5,0x1d7c6,0x1d7c7,0x1d7c8,0x1d7c9,0x1d7ca,0x1d7cb,0x1d7ce,0x1d7cf,0x1d7d0,0x1d7d1,
    0x1d7d2,0x1d7d3,0x1d7d4,0x1d7d5,0x1d7d6,0x1d7d7,0x1d7d8,0x1d7d9,0x1d7da,0x1d7db,0x1d7dc,0x1d7dd,
    0x1d7de,0x1d7df,0x1d7e0,0x1d7e1,0x1d7e2,0x1d7e3,0x1d7e4,0x1d7e5,0x1d7e6,0x1d7e7,0x1d7e8,0x1d7e9,
    0x1d7ea,0x1d7eb,0x1d7ec,0x1d7ed,0x1d7ee,0x1d7ef,0x1d7f0,0x1d7f1,0x1d7f2,0x1d7f3,0x1d7f4,0x1d7f5,
    0x1d7f6,0x1d7f7,0x1d7f8,0x1d7f9,0x1d7fa,0x1d7fb,0x1d7fc,0x1d7fd,0x1d7fe,0x1d7ff,0x1ee00,0x1ee01,
    0x1ee02,0x1ee03,0x1ee05,0x1ee06,0x1ee07,0x1ee08,0x1ee09,0x1ee0a,0x1ee0b,0x1ee0c,0x1ee0d,0x1ee0e,
    0x1ee0f,0x1ee10,0x1ee11,0x1ee12,0x1ee13,0x1ee14,0x1ee15,0x1ee16,0x1ee17,0x1ee18,0x1ee19,0x1ee1a,
    0x1ee1b,0x1ee1c,0x1ee1d,0x1ee1e,0x1ee1f,0x1ee21,0x1ee22,0x1ee24,0x1ee27,0x1ee29,0x1ee2a,0x1ee2b,
    0x1ee2c,0x1ee2d,0x1ee2e,0x1ee2f,0x1ee30,0x1ee31,0x1ee32,0x1ee34,0x1ee35,0x1ee36,0x1ee37,0x1ee39,
    0x1ee3b,0x1ee42,0x1ee47,0x1ee49,0x1ee4b,0x1ee4d,0x1ee4e,0x1ee4f,0x1ee51,0x1ee52,0x1ee54,0x1ee57,
    0x1ee59,0x1ee5b,0x1ee5d,0x1ee5f,0x1ee61,0x1ee62,0x1ee64,0x1ee67,0x1ee68,0x1ee69,0x1ee6a,0x1ee6c,
    0x1ee6d,0x1ee6e,0x1ee6f,0x1ee70,0x1ee71,0x1ee72,0x1ee74,0x1ee75,0x1ee76,0x1ee77,0x1ee79,0x1ee7a,
    0x1ee7b,0x1ee7c,0x1ee7e,0x1ee80,0x1ee81,0x1ee82,0x1ee83,0x1ee84,0x1ee85,0x1ee86,0x1ee87,0x1ee88,
    0x1ee89,0x1ee8b,0x1ee8c,0x1ee8d,0x1ee8e,0x1ee8f,0x1ee90,0x1ee91,0x1ee92,0x1ee93,0x1ee94,0x1ee95,
    0x1ee96,0x1ee97,0x1ee98,0x1ee99,0x1ee9a,0x1ee9b,0x1eea1,0x1eea2,0x1eea3,0x1eea5,0x1eea6,0x1eea7,
    0x1eea8,0x1eea9,0x1eeab,0x1eeac,0x1eead,0x1eeae,0x1eeaf,0x1eeb0,0x1eeb1,0x1eeb2,0x1eeb3,0x1eeb4,
    0x1eeb5,0x1eeb6,0x1eeb7,0x1eeb8,0x1eeb9,0x1eeba,0x1eebb,0x1f100,0x1f101,0x1f102,0x1f103,0x1f104,
    0x1f105,0x1f106,0x1f107,0x1f108,0x1f109,0x1f10a,0x1f110,0x1f111,0x1f112,0x1f113,0x1f114,0x1f115,
    0x1f116,0x1f117,0x1f118,0x1f119,0x1f11a,0x1f11b,0x1f11c,0x1f11d,0x1f11e,0x1f11f,0x1f120,0x1f121,
    0x1f122,0x1f123,0x1f124,0x1f125,0x1f126,0x1f127,0x1f128,0x1f129,0x1f12a,0x1f12b,0x1f12c,0x1f12d,
    0x1f12e,0x1f130,0x1f131,0x1f132,0x1f133,0x1f134,0x1f135,0x1f136,0x1f137,0x1f138,0x1f139,0x1f13a,
    0x1f13b,0x1f13c,0x1f13d,0x1f13e,0x1f13f,0x1f140,0x1f141,0x1f142,0x1f143,0x1f144,0x1f145,0x1f146,
    0x1f147,0x1f148,0x1f149,0x1f14a,0x1f14b,0x1f14c,0x1f14d,0x1f14e,0x1f14f,0x1f16a,0x1f16b,0x1f16c,
    0x1f190,0x1f200,0x1f201,0x1f202,0x1f210,0x1f211,0x1f212,0x1f213,0x1f214,0x1f215,0x1f216,0x1f217,
    0x1f218,0x1f219,0x1f21a,0x1f21b,0x1f21c,0x1f21d,0x1f21e,0x1f21f,0x1f220,0x1f221,0x1f222,0x1f223,
    0x1f224,0x1f225,0x1f226,0x1f227,0x1f228,0x1f229,0x1f22a,0x1f22b,0x1f22c,0x1f22d,0x1f22e,0x1f22f,
    0x1f230,0x1f231,0x1f232,0x1f233,0x1f234,0x1f235,0x1f236,0x1f237,0x1f238,0x1f239,0x1f23a,0x1f23b,
    0x1f240,0x1f241,0x1f242,0x1f243,0x1f244,0x1f245,0x1f246,0x1f247,0x1f248,0x1f250,0x1f251,0x1fbf0,
    0x1fbf1,0x1fbf2,0x1fbf3,0x1fbf4,0x1fbf5,0x1fbf6,0x1fbf7,0x1fbf8,0x1fbf9,0x2f800,0x2f801,0x2f802,
    0x2f803,0x2f804,0x2f805,0x2f806,0x2f807,0x2f808,0x2f809,0x2f80a,0x2f80b,0x2f80c,0x2f80d,0x2f80e,
    0x2f80f,0x2f810,0x2f811,0x2f812,0x2f813,0x2f814,0x2f815,0x2f816,0x2f817,0x2f818,0x2f819,0x2f81a,
    0x2f81b,0x2f81c,0x2f81d,0x2f81e,0x2f81f,0x2f820,0x2f821,0x2f822,0x2f823,0x2f824,0x2f825,0x2f826,
    0x2f827,0x2f828,0x2f829,0x2f82a,0x2f82b,0x2f82c,0x2f82d,0x2f82e,0x2f82f,0x2f830,0x2f831,0x2f832,
    0x2f833,0x2f834,0x2f835,0x2f836,0x2f837,0x2f838,0x2f839,0x2f83a,0x2f83b,0x2f83c,0x2f83d,0x2f83e,
    0x2f83f,0x2f840,0x2f841,0x2f842,0x2f843,0x2f844,0x2f845,0x2f846,0x2f847,0x2f848,0x2f849,0x2f84a,
    0x2f84b,0x2f84c,0x2f84d,0x2f84e,0x2f84f,0x2f850,0x2f851,0x2f852,0x2f853,0x2f854,0x2f855,0x2f856,
    0x2f857,0x2f858,0x2f859,0x2f85a,0x2f85b,0x2f85c,0x2f85d,0x2f85e,0x2f85f,0x2f860,0x2f861,0x2f862,
    0x2f863,0x2f864,0x2f865,0x2f866,0x2f867,0x2f868,0x2f869,0x2f86a,0x2f86b,0x2f86c,0x2f86d,0x2f86e,
    0x2f86f,0x2f870,0x2f871,0x2f872,0x2f873,0x2f874,0x2f875,0x2f876,0x2f877,0x2f878,0x2f879,0x2f87a,
    0x2f87b,0x2f87c,0x2f87d,0x2f87e,0x2f87f,0x2f880,0x2f881,0x2f882,0x2f883,0x2f884,0x2f885,0x2f886,
    0x2f887,0x2f888,0x2f889,0x2f88a,0x2f88b,0x2f88c,0x2f88d,0x2f88e,0x2f88f,0x2f890,0x2f891,0x2f892,
    0x2f893,0x2f894,0x2f895,0x2f896,0x2f897,0x2f898,0x2f899,0x2f89a,0x2f89b,0x2f89c,0x2f89d,0x2f89e,
    0x2f89f,0x2f8a0,0x2f8a1,0x2f8a2,0x2f8a3,0x2f8a4,0x2f8a5,0x2f8a6,0x2f8a7,0x2f8a8,0x2f8a9,0x2f8aa,
    0x2f8ab,0x2f8ac,0x2f8ad,0x2f8ae,0x2f8af,0x2f8b0,0x2f8b1,0x2f8b2,0x2f8b3,0x2f8b4,0x2f8b5,0x2f8b6,
    0x2f8b7,0x2f8b8,0x2f8b9,0x2f8ba,0x2f8bb,0x2f8bc,0x2f8bd,0x2f8be,0x2f8bf,0x2f8c0,0x2f8c1,0x2f8c2,
    0x2f8c3,0x2f8c4,0x2f8c5,0x2f8c6,0x2f8c7,0x2f8c8,0x2f8c9,0x2f8ca,0x2f8cb,0x2f8cc,0x2f8cd,0x2f8ce,
    0x2f8cf,0x2f8d0,0x2f8d1,0x2f8d2,0x2f8d3,0x2f8d4,0x2f8d5,0x2f8d6,0x2f8d7,0x2f8d8,0x2f8d9,0x2f8da,
    0x2f8db,0x2f8dc,0x2f8dd,0x2f8de,0x2f8df,0x2f8e0,0x2f8e1,0x2f8e2,0x2f8e3,0x2f8e4,0x2f8e5,0x2f8e6,
    0x2f8e7,0x2f8e8,0x2f8e9,0x2f8ea,0x2f8eb,0x2f8ec,0x2f8ed,0x2f8ee,0x2f8ef,0x2f8f0,0x2f8f1,0x2f8f2,
    0x2f8f3,0x2f8f4,0x2f8f5,0x2f8f6,0x2f8f7,0x2f8f8,0x2f8f9,0x2f8fa,0x2f8fb,0x2f8fc,0x2f8fd,0x2f8fe,
    0x2f8ff,0x2f900,0x2f901,0x2f902,0x2f903,0x2f904,0x2f905,0x2f906,0x2f907,0x2f908,0x2f909,0x2f90a,
    0x2f90b,0x2f90c,0x2f90d,0x2f90e,0x2f90f,0x2f910,0x2f911,0x2f912,0x2f913,0x2f914,0x2f915,0x2f916,
    0x2f917,0x2f918,0x2f919,0x2f91a,0x2f91b,0x2f91c,0x2f91d,0x2f91e,0x2f91f,0x2f920,0x2f921,0x2f922,
    0x2f923,0x2f924,0x2f925,0x2f926,0x2f927,0x2f928,0x2f929,0x2f92a,0x2f92b,0x2f92c,0x2f92d,0x2f92e,
    0x2f92f,0x2f930,0x2f931,0x2f932,0x2f933,0x2f934,0x2f935,0x2f936,0x2f937,0x2f938,0x2f939,0x2f93a,
    0x2f93b,0x2f93c,0x2f93d,0x2f93e,0x2f93f,0x2f940,0x2f941,0x2f942,0x2f943,0x2f944,0x2f945,0x2f946,
    0x2f947,0x2f948,0x2f949,0x2f94a,0x2f94b,0x2f94c,0x2f94d,0x2f94e,0x2f94f,0x2f950,0x2f951,0x2f952,
    0x2f953,0x2f954,0x2f955,0x2f956,0x2f957,0x2f958,0x2f959,0x2f95a,0x2f95b,0x2f95c,0x2f95d,0x2f95e,
    0x2f95f,0x2f960,0x2f961,0x2f962,0x2f963,0x2f964,0x2f965,0x2f966,0x2f967,0x2f968,0x2f969,0x2f96a,
    0x2f96b,0x2f96c,0x2f96d,0x2f96e,0x2f96f,0x2f970,0x2f971,0x2f972,0x2f973,0x2f974,0x2f975,0x2f976,
    0x2f977,0x2f978,0x2f979,0x2f97a,0x2f97b,0x2f97c,0x2f97d,0x2f97e,0x2f97f,0x2f980,0x2f981,0x2f982,
    0x2f983,0x2f984,0x2f985,0x2f986,0x2f987,0x2f988,0x2f989,0x2f98a,0x2f98b,0x2f98c,0x2f98d,0x2f98e,
    0x2f98f,0x2f990,0x2f991,0x2f992,0x2f993,0x2f994,0x2f995,0x2f996,0x2f997,0x2f998,0x2f999,0x2f99a,
    0x2f99b,0x2f99c,0x2f99d,0x2f99e,0x2f99f,0x2f9a0,0x2f9a1,0x2f9a2,0x2f9a3,0x2f9a4,0x2f9a5,0x2f9a6,
    0x2f9a7,0x2f9a8,0x2f9a9,0x2f9aa,0x2f9ab,0x2f9ac,0x2f9ad,0x2f9ae,0x2f9af,0x2f9b0,0x2f9b1,0x2f9b2,
    0x2f9b3,0x2f9b4,0x2f9b5,0x2f9b6,0x2f9b7,0x2f9b8,0x2f9b9,0x2f9ba,0x2f9bb,0x2f9bc,0x2f9bd,0x2f9be,
    0x2f9bf,0x2f9c0,0x2f9c1,0x2f9c2,0x2f9c3,0x2f9c4,0x2f9c5,0x2f9c6,0x2f9c7,0x2f9c8,0x2f9c9,0x2f9ca,
    0x2f9cb,0x2f9cc,0x2f9cd,0x2f9ce,0x2f9cf,0x2f9d0,0x2f9d1,0x2f9d2,0x2f9d3,0x2f9d4,0x2f9d5,0x2f9d6,
    0x2f9d7,0x2f9d8,0x2f9d9,0x2f9da,0x2f9db,0x2f9dc,0x2f9dd,0x2f9de,0x2f9df,0x2f9e0,0x2f9e1,0x2f9e2,
    0x2f9e3,0x2f9e4,0x2f9e5,0x2f9e6,0x2f9e7,0x2f9e8,0x2f9e9,0x2f9ea,0x2f9eb,0x2f9ec,0x2f9ed,0x2f9ee,
    0x2f9ef,0x2f9f0,0x2f9f1,0x2f9f2,0x2f9f3,0x2f9f4,0x2f9f5,0x2f9f6,0x2f9f7,0x2f9f8,0x2f9f9,0x2f9fa,
    0x2f9fb,0x2f9fc,0x2f9fd,0x2f9fe,0x2f9ff,0x2fa00,0x2fa01,0x2fa02,0x2fa03,0x2fa04,0x2fa05,0x2fa06,
    0x2fa07,0x2fa08,0x2fa09,0x2fa0a,0x2fa0b,0x2fa0c,0x2fa0d,0x2fa0e,0x2fa0f,0x2fa10,0x2fa11,0x2fa12,
    0x2fa13,0x2fa14,0x2fa15,0x2fa16,0x2fa17,0x2fa18,0x2fa19,0x2fa1a,0x2fa1b,0x2fa1c,0x2fa1d,
};
extern const uint16_t kNfkdOffsets[] = {
    0,1,3,4,6,7,8,10,11,13,14,15,18,21,24,26,
    28,30,32,34,36,38,40,42,44,46,48,50,52,54,56,58,
    60,62,64,66,68,70,72,74,76,78,80,82,84,86,88,90,
    92,94,96,98,100,102,104,106,108,110,112,114,116,118,120,122,
    124,126,128,130,132,134,136,138,140,142,144,146,148,150,152,154,
    156,158,160,162,164,166,168,170,172,174,176,178,180,182,184,186,
    188,190,192,194,196,198,200,202,204,206,208,210,212,214,216,218,
    220,222,224,226,228,230,232,234,236,238,240,242,244,246,248,250,
    252,254,256,258,260,262,264,266,268,270,272,274,276,278,280,282,
    284,286,288,290,292,294,296,298,300,302,304,306,308,310,312,314,
    316,318,320,322,324,326,328,330,332,334,336,338,340,342,344,346,
    348,350,352,354,356,357,359,361,363,365,368,371,374,376,378,380,
    382,384,386,388,390,392,394,396,398,400,402,405,408,411,414,417,
    420,423,426,429,432,435,438,440,442,444,446,448,450,452,454,457,
    460,462,464,466,468,470,472,474,476,478,480,483,486,488,490,492,
    494,496,498,500,502,504,506,508,510,512,514,516,518,520,522,524,
    526,528,530,532,534,536,538,540,542,544,546,548,550,552,554,556,
    558,560,562,565,568,571,574,576,578,581,584,586,588,589,590,591,
    592,593,594,595,596,597,599,601,603,605,607,609,610,611,612,613,
    614,615,616,617,619,620,622,623,625,628,630,631,633,635,637,639,
    641,643,646,648,650,652,654,656,658,661,663,665,667,669,671,672,
    673,674,676,678,679,680,681,682,683,684,685,686,688,690,692,694,
    696,698,700,702,704,706,708,710,712,714,716,718,720,722,724,726,
    728,730,732,734,736,738,740,742,744,746,748,750,752,754,756,758,
    760,762,764,766,768,770,772,774,776,778,780,782,784,786,788,790,
    792,794,796,798,800,802,804,806,808,810,812,814,816,818,820,822,
    824,826,828,830,832,834,836,838,840,842,844,846,848,850,852,854,
    856,858,860,862,864,866,868,870,872,874,876,878,880,882,884,886,
    888,891,893,895,897,899,901,904,906,908,910,912,914,915,917,919,
    921,923,925,927,929,931,933,936,938,941,943,945,947,949,951,953,
    955,957,958,960,962,964,966,968,970,972,974,976,978,980,981,982,
    983,984,985,986,987,988,989,990,991,992,993,994,995,996,997,998,
    999,1000,1001,1002,1003,1004,1005,1006,1007,1008,1009,1010,1011,1012,1013,1014,
    1015,1016,1017,1018,1019,1020,1021,1022,1023,1024,1025,1026,1027,1028,1029,1030,
    1031,1032,1033,1034,1035,1036,1037,1038,1039,1040,1041,1042,1043,1044,1045,1046,
    1047,1048,1049,1050,1051,1052,1053,1054,1055,1056,1057,1058,1059,1060,1061,1062,
    1063,1064,1065,1066,1067,1068,1069,1070,1071,1072,1073,1074,1075,1076,1077,1078,
    1080,1082,1084,1086,1088,1090,1092,1094,1097,1100,1102,1104,1106,1108,1110,1112,
    1114,1116,1118,1120,1123,1126,1129,1132,1134,1136,1138,1140,1143,1146,1148,1150,
    1152,1154,1156,1158,1160,1162,1164,1166,1168,1170,1172,1174,1176,1178,1181,1184,
    1186,1188,1190,1192,1194,1196,1198,1200,1203,1206,1208,1210,1212,1214,1216,1218,
    1220,1222,1224,1226,1228,1230,1232,1234,1236,1238,1240,1242,1245,1248,1251,1254,
    1257,1260,1263,1266,1268,1270,1272,1274,1276,1278,1280,1282,1285,1288,1290,1292,
    1294,1296,1298,1300,1303,1306,1309,1312,1315,1318,1320,1322,1324,1326,1328,1330,
    1332,1334,1336,1338,1340,1342,1344,1346,1349,1352,1355,1358,1360,1362,1364,1366,
    1368,1370,1372,1374,1376,1378,1380,1382,1384,1386,1388,1390,1392,1394,1396,1398,
    1400,1402,1404,1406,1408,1410,1412,1414,1416,1418,1420,1422,1424,1426,1428,1430,
    1433,1436,1439,1442,1445,1448,1451,1454,1457,1460,1463,1466,1469,1472,1475,1478,
    1481,1484,1487,1490,1492,1494,1496,1498,1500,1502,1505,1508,1511,1514,1517,1520,
    1523,1526,1529,1532,1534,1536,1538,1540,1542,1544,1546,1548,1551,1554,1557,1560,
    1563,1566,1569,1572,1575,1578,1581,1584,1587,1590,1593,1596,1599,1602,1605,1608,
    1610,1612,1614,1616,1619,1622,1625,1628,1631,1634,1637,1640,1643,1646,1648,1650,
    1652,1654,1656,1658,1660,1662,1664,1666,1669,1672,1675,1678,1681,1684,1686,1688,
    1691,1694,1697,1700,1703,1706,1708,1710,1713,1716,1719,1722,1724,1726,1729,1732,
    1735,1738,1740,1742,1745,1748,1751,1754,1757,1760,1762,1764,1767,1770,1773,1776,
    1779,1782,1784,1786,1789,1792,1795,1798,1801,1804,1806,1808,1811,1814,1817,1820,
    1823,1826,1828,1830,1833,1836,1839,1842,1844,1846,1849,1852,1855,1858,1860,1862,
    1865,1868,1871,1874,1877,1880,1882,1885,1888,1891,1893,1895,1898,1901,1904,1907,
    1910,1913,1915,1917,1920,1923,1926,1929,1932,1935,1937,1939,1941,1943,1945,1947,
    1949,1951,1953,1955,1957,1959,1961,1963,1966,1969,1973,1977,1981,1985,1989,1993,
    1996,1999,2003,2007,2011,2015,2019,2023,2026,2029,2033,2037,2041,2045,2049,2053,
    2056,2059,2063,2067,2071,2075,2079,2083,2086,2089,2093,2097,2101,2105,2109,2113,
    2116,2119,2123,2127,2131,2135,2139,2143,2145,2147,2150,2152,2155,2157,2160,2162,
    2164,2166,2168,2170,2172,2173,2175,2177,2180,2183,2185,2188,2190,2193,2195,2197,
    2199,2201,2203,2206,2209,2212,2214,2216,2219,2222,2224,2227,2229,2231,2233,2235,
    2238,2241,2244,2246,2248,2251,2254,2256,2258,2260,2263,2265,2267,2269,2271,2273,
    2276,2279,2280,2283,2285,2288,2290,2293,2295,2297,2299,2301,2303,2305,2307,2308,
    2309,2310,2311,2312,2313,2314,2315,2316,2317,2318,2319,2321,2322,2324,2327,2328,
    2330,2333,2335,2338,2340,2342,2344,2346,2348,2352,2353,2354,2355,2356,2357,2358,
    2359,2360,2361,2362,2363,2364,2365,2366,2367,2368,2369,2370,2371,2372,2373,2374,
    2375,2376,2377,2378,2379,2380,2381,2382,2383,2384,2385,2386,2387,2388,2389,2390,
    2391,2392,2393,2394,2395,2397,2400,2403,2404,2406,2409,2412,2413,2415,2416,2417,
    2418,2419,2420,2421,2422,2423,2424,2425,2426,2428,2429,2430,2431,2432,2433,2435,
    2438,2440,2441,2442,2443,2444,2446,2447,2448,2449,2450,2451,2452,2453,2454,2455,
    2456,2457,2458,2461,2462,2463,2464,2465,2466,2467,2468,2469,2470,2471,2474,2477,
    2481,2484,2487,2490,2493,2496,2499,2502,2505,2508,2511,2514,2517,2519,2520,2522,
    2525,2527,2528,2530,2533,2537,2539,2540,2542,2545,2546,2547,2548,2549,2550,2552,
    2555,2557,2558,2560,2563,2567,2569,2570,2572,2575,2576,2577,2578,2579,2582,2584,
    2586,2588,2590,2592,2594,2596,2598,2600,2602,2604,2606,2609,2611,2614,2616,2618,
    2620,2622,2624,2626,2628,2630,2632,2634,2636,2638,2640,2642,2644,2646,2648,2650,
    2652,2654,2656,2658,2660,2662,2664,2666,2668,2670,2672,2674,2676,2678,2680,2681,
    2682,2683,2684,2685,2686,2687,2688,2689,2690,2691,2693,2695,2697,2699,2701,2703,
    2705,2707,2709,2711,2713,2716,2719,2722,2725,2728,2731,2734,2737,2740,2744,2748,
    2752,2756,2760,2764,2768,2772,2776,2780,2784,2786,2788,2790,2792,2794,2796,2798,
    2800,2802,2805,2808,2811,2814,2817,2820,2823,2826,2829,2832,2835,2838,2841,2844,
    2847,2850,2853,2856,2859,2862,2865,2868,2871,2874,2877,2880,2883,2886,2889,2892,
    2895,2898,2901,2904,2907,2910,2913,2914,2915,2916,2917,2918,2919,2920,2921,2922,
    2923,2924,2925,2926,2927,2928,2929,2930,2931,2932,2933,2934,2935,2936,2937,2938,
    2939,2940,2941,2942,2943,2944,2945,2946,2947,2948,2949,2950,2951,2952,2953,2954,
    2955,2956,2957,2958,2959,2960,2961,2962,2963,2964,2965,2966,2970,2973,2975,2978,
    2980,2981,2982,2983,2984,2985,2986,2987,2988,2989,2990,2991,2992,2993,2994,2995,
    2996,2997,2998,2999,3000,3001,3002,3003,3004,3005,3006,3007,3008,3009,3010,3011,
    3012,3013,3014,3015,3016,3017,3018,3019,3020,3021,3022,3023,3024,3025,3026,3027,
    3028,3029,3030,3031,3032,3033,3034,3035,3036,3037,3038,3039,3040,3041,3042,3043,
    3044,3045,3046,3047,3048,3049,3050,3051,3052,3053,3054,3055,3056,3057,3058,3059,
    3060,3061,3062,3063,3064,3065,3066,3067,3068,3069,3070,3071,3072,3073,3074,3075,
    3076,3077,3078,3079,3080,3081,3082,3083,3084,3085,3086,3087,3088,3089,3090,3091,
    3092,3093,3094,3095,3096,3097,3098,3099,3100,3101,3102,3103,3104,3105,3106,3107,
    3108,3109,3110,3111,3112,3113,3114,3115,3116,3117,3118,3119,3120,3121,3122,3123,
    3124,3125,3126,3127,3128,3129,3130,3131,3132,3133,3134,3135,3136,3137,3138,3139,
    3140,3141,3142,3143,3144,3145,3146,3147,3148,3149,3150,3151,3152,3153,3154,3155,
    3156,3157,3158,3159,3160,3161,3162,3163,3164,3165,3166,3167,3168,3169,3170,3171,
    3172,3173,3174,3175,3176,3177,3178,3179,3180,3181,3182,3183,3184,3185,3186,3187,
    3188,3189,3190,3191,3192,3193,3194,3195,3196,3197,3198,3199,3200,3201,3202,3203,
    3204,3206,3208,3210,3212,3214,3216,3218,3220,3222,3224,3226,3228,3230,3232,3234,
    3236,3238,3240,3242,3244,3246,3248,3250,3252,3254,3256,3258,3260,3262,3264,3266,
    3268,3270,3272,3274,3276,3278,3280,3282,3284,3286,3288,3290,3292,3294,3296,3298,
    3300,3302,3304,3306,3308,3310,3312,3314,3316,3318,3320,3322,3324,3326,3328,3329,
    3330,3331,3332,3333,3334,3335,3336,3337,3338,3339,3340,3341,3342,3343,3344,3345,
    3346,3347,3348,3349,3350,3351,3352,3353,3354,3355,3356,3357,3358,3359,3360,3361,
    3362,3363,3364,3365,3366,3367,3368,3369,3370,3371,3372,3373,3374,3375,3376,3377,
    3378,3379,3380,3381,3382,3383,3384,3385,3386,3387,3388,3389,3390,3391,3392,3393,
    3394,3395,3396,3397,3398,3399,3400,3401,3402,3403,3404,3405,3406,3407,3408,3409,
    3410,3411,3412,3413,3414,3415,3416,3417,3418,3419,3420,3421,3422,3423,3424,3425,
    3426,3427,3428,3429,3430,3431,3432,3433,3434,3435,3436,3439,3442,3445,3448,3451,
    3454,3457,3460,3463,3466,3469,3472,3475,3478,3482,3486,3490,3494,3498,3502,3506,
    3510,3514,3518,3522,3526,3530,3534,3538,3545,3551,3554,3557,3560,3563,3566,3569,
    3572,3575,3578,3581,3584,3587,3590,3593,3596,3599,3602,3605,3608,3611,3614,3617,
    3620,3623,3626,3629,3632,3635,3638,3641,3644,3647,3650,3653,3656,3659,3660,3661,
    3662,3663,3666,3668,3670,3672,3674,3676,3678,3680,3682,3684,3686,3688,3690,3692,
    3694,3696,3697,3698,3699,3700,3701,3702,3703,3704,3705,3706,3707,3708,3709,3710,
    3712,3714,3716,3718,3720,3722,3724,3726,3728,3730,3732,3734,3736,3738,3743,3747,
    3749,3750,3751,3752,3753,3754,3755,3756,3757,3758,3759,3760,3761,3762,3763,3764,
    3765,3766,3767,3768,3769,3770,3771,3772,3773,3774,3775,3776,3777,3778,3779,3780,
    3781,3782,3783,3784,3785,3786,3787,3788,3789,3790,3791,3792,3793,3794,3795,3796,
    3797,3798,3800,3802,3804,3806,3808,3810,3812,3814,3816,3818,3820,3822,3824,3826,
    3828,3830,3832,3834,3836,3838,3840,3842,3844,3846,3849,3852,3855,3857,3860,3862,
    3865,3866,3867,3868,3869,3870,3871,3872,3873,3874,3875,3876,3877,3878,3879,3880,
    3881,3882,3883,3884,3885,3886,3887,3888,3889,3890,3891,3892,3893,3894,3895,3896,
    3897,3898,3899,3900,3901,3902,3903,3904,3905,3906,3907,3908,3909,3910,3911,3912,
    3914,3919,3923,3928,3931,3936,3939,3942,3948,3952,3955,3958,3961,3965,3969,3973,
    3977,3981,3985,3989,3995,3997,4003,4009,4014,4018,4024,4030,4034,4037,4040,4044,
    4048,4053,4058,4061,4064,4068,4071,4074,4076,4078,4081,4084,4090,4094,4099,4105,
    4109,4112,4115,4121,4125,4131,4134,4139,4142,4146,4149,4153,4158,4162,4167,4171,
    4173,4178,4181,4184,4188,4191,4194,4197,4202,4206,4208,4214,4217,4222,4226,4230,
    4233,4236,4240,4242,4246,4251,4253,4259,4262,4264,4266,4268,4270,4272,4274,4276,
    4278,4280,4282,4285,4288,4291,4294,4297,4300,4303,4306,4309,4312,4315,4318,4321,
    4324,4327,4330,4332,4334,4337,4339,4341,4343,4346,4349,4351,4353,4355,4357,4359,
    4363,4365,4367,4369,4371,4373,4375,4377,4379,4382,4386,4388,4390,4392,4394,4396,
    4398,4400,4403,4406,4409,4412,4414,4416,4418,4420,4422,4424,4426,4428,4430,4432,
    4435,4438,4440,4443,4446,4449,4451,4454,4457,4461,4463,4466,4469,4472,4475,4480,
    4486,4488,4490,4492,4494,4496,4498,4500,4502,4504,4506,4508,4510,4512,4514,4516,
    4518,4520,4522,4526,4528,4530,4532,4536,4539,4541,4543,4545,4547,4549,4551,4553,
    4555,4557,4559,4562,4564,4566,4569,4572,4574,4578,4581,4583,4585,4587,4589,4592,
    4595,4597,4599,4601,4603,4605,4607,4609,4611,4613,4616,4619,4622,4625,4628,4631,
    4634,4637,4640,4643,4646,4649,4652,4655,4658,4661,4664,4667,4670,4673,4676,4679,
    4682,4683,4684,4685,4686,4687,4688,4689,4690,4691,4692,4693,4694,4695,4696,4697,
    4698,4699,4700,4701,4702,4703,4704,4705,4706,4707,4708,4709,4710,4711,4712,4713,
    4714,4715,4716,4717,4718,4719,4720,4721,4722,4723,4724,4725,4726,4727,4728,4729,
    4730,4731,4732,4733,4734,4735,4736,4737,4738,4739,4740,4741,4742,4743,4744,4745,
    4746,4747,4748,4749,4750,4751,4752,4753,4754,4755,4756,4757,4758,4759,4760,4761,
    4762,4763,4764,4765,4766,4767,4768,4769,4770,4771,4772,4773,4774,4775,4776,4777,
    4778,4779,4780,4781,4782,4783,4784,4785,4786,4787,4788,4789,4790,4791,4792,4793,
    4794,4795,4796,4797,4798,4799,4800,4801,4802,4803,4804,4805,4806,4807,4808,4809,
    4810,4811,4812,4813,4814,4815,4816,4817,4818,4819,4820,4821,4822,4823,4824,4825,
    4826,4827,4828,4829,4830,4831,4832,4833,4834,4835,4836,4837,4838,4839,4840,4841,
    4842,4843,4844,4845,4846,4847,4848,4849,4850,4851,4852,4853,4854,4855,4856,4857,
    4858,4859,4860,4861,4862,4863,4864,4865,4866,4867,4868,4869,4870,4871,4872,4873,
    4874,4875,4876,4877,4878,4879,4880,4881,4882,4883,4884,4885,4886,4887,4888,4889,
    4890,4891,4892,4893,4894,4895,4896,4897,4898,4899,4900,4901,4902,4903,4904,4905,
    4906,4907,4908,4909,4910,4911,4912,4913,4914,4915,4916,4917,4918,4919,4920,4921,
    4922,4923,4924,4925,4926,4927,4928,4929,4930,4931,4932,4933,4934,4935,4936,4937,
    4938,4939,4940,4941,4942,4943,4944,4945,4946,4947,4948,4949,4950,4951,4952,4953,
    4954,4955,4956,4957,4958,4959,4960,4961,4962,4963,4964,4965,4966,4967,4968,4969,
    4970,4971,4972,4973,4974,4975,4976,4977,4978,4979,4980,4981,4982,4983,4984,4985,
    4986,4987,4988,4989,4990,4991,4992,4993,4994,4995,4996,4997,4998,4999,5000,5001,
    5002,5003,5004,5005,5006,5007,5008,5009,5010,5011,5012,5013,5014,5015,5016,5017,
    5018,5019,5020,5021,5022,5023,5024,5025,5026,5027,5028,5029,5030,5031,5032,5033,
    5034,5035,5036,5037,5038,5039,5040,5041,5042,5043,5044,5045,5046,5047,5048,5049,
    5050,5051,5052,5053,5054,5055,5056,5057,5058,5059,5060,5061,5062,5063,5064,5065,
    5066,5067,5068,5069,5070,5071,5072,5073,5074,5075,5076,5077,5078,5079,5080,5081,
    5082,5083,5084,5085,5086,5087,5088,5089,5090,5091,5092,5093,5094,5095,5096,5097,
    5098,5099,5100,5101,5102,5103,5104,5105,5106,5107,5108,5109,5110,5111,5112,5113,
    5114,5115,5116,5117,5118,5119,5120,5121,5122,5123,5124,5125,5126,5127,5128,5129,
    5130,5131,5132,5133,5134,5135,5136,5137,5138,5139,5140,5141,5142,5143,5144,5145,
    5146,5147,5148,5149,5150,5151,5152,5153,5154,5155,5157,5159,5161,5164,5167,5169,
    5171,5173,5175,5177,5179,5181,5183,5185,5186,5187,5188,5189,5190,5191,5192,5193,
    5194,5195,5197,5199,5202,5205,5207,5209,5211,5213,5215,5217,5219,5221,5223,5225,
    5227,5229,5231,5233,5235,5237,5239,5241,5243,5245,5247,5249,5251,5253,5255,5257,
    5259,5261,5263,5264,5265,5266,5267,5268,5269,5270,5271,5272,5273,5274,5275,5276,
    5277,5278,5279,5280,5281,5282,5283,5284,5285,5286,5287,5288,5289,5290,5291,5292,
    5293,5294,5295,5296,5297,5298,5299,5300,5301,5302,5303,5304,5305,5306,5307,5308,
    5309,5310,5311,5312,5313,5314,5315,5316,5317,5318,5319,5320,5321,5322,5323,5324,
    5325,5326,5327,5328,5329,5330,5331,5332,5333,5334,5335,5336,5337,5338,5339,5340,
    5341,5342,5343,5344,5345,5346,5347,5349,5351,5352,5353,5354,5355,5356,5357,5358,
    5359,5360,5361,5363,5365,5366,5367,5368,5369,5370,5371,5372,5373,5374,5375,5377,
    5378,5379,5380,5381,5382,5383,5384,5385,5386,5387,5388,5389,5392,5395,5398,5401,
    5404,5407,5410,5413,5416,5419,5422,5425,5428,5431,5434,5437,5440,5443,5444,5445,
    5446,5447,5450,5453,5456,5459,5462,5464,5466,5468,5470,5472,5474,5476,5478,5480,
    5482,5484,5486,5488,5490,5492,5494,5496,5498,5500,5502,5504,5506,5508,5510,5512,
    5514,5516,5518,5520,5522,5524,5526,5528,5530,5532,5534,5536,5538,5540,5542,5544,
    5546,5548,5550,5552,5554,5556,5558,5560,5562,5564,5566,5568,5570,5572,5574,5576,
    5578,5580,5582,5584,5586,5588,5590,5592,5594,5596,5598,5600,5602,5604,5606,5608,
    5610,5612,5614,5616,5618,5620,5622,5624,5626,5628,5630,5632,5634,5636,5638,5640,
    5643,5646,5649,5652,5655,5658,5661,5664,5667,5670,5673,5676,5678,5680,5682,5684,
    5686,5688,5690,5692,5694,5696,5698,5700,5702,5704,5706,5708,5710,5712,5714,5716,
    5718,5720,5722,5724,5726,5728,5730,5732,5734,5736,5738,5740,5742,5744,5746,5748,
    5750,5752,5754,5756,5758,5760,5762,5764,5766,5769,5772,5775,5778,5781,5783,5785,
    5787,5789,5791,5793,5795,5797,5799,5801,5803,5805,5807,5809,5811,5813,5815,5817,
    5819,5821,5823,5825,5827,5829,5831,5833,5835,5837,5839,5841,5843,5845,5847,5849,
    5851,5853,5855,5857,5859,5861,5863,5865,5867,5869,5871,5873,5875,5877,5879,5881,
    5883,5885,5887,5889,5891,5893,5895,5897,5899,5901,5903,5905,5907,5909,5911,5913,
    5915,5918,5921,5923,5925,5927,5929,5931,5933,5935,5937,5939,5941,5943,5945,5947,
    5949,5951,5953,5955,5958,5961,5964,5966,5968,5970,5972,5974,5976,5978,5980,5982,
    5984,5986,5988,5990,5992,5994,5996,5998,6000,6002,6004,6006,6008,6010,6012,6014,
    6016,6018,6020,6022,6024,6026,6028,6030,6032,6034,6036,6038,6040,6042,6044,6046,
    6048,6050,6052,6054,6056,6058,6060,6062,6064,6066,6068,6070,6072,6074,6076,6078,
    6080,6082,6084,6086,6088,6090,6092,6094,6096,6098,6100,6102,6104,6106,6108,6110,
    6113,6116,6119,6122,6125,6128,6131,6134,6137,6140,6143,6146,6149,6152,6155,6158,
    6161,6164,6167,6170,6173,6176,6179,6182,6185,6188,6191,6194,6197,6200,6203,6206,
    6209,6212,6215,6218,6221,6224,6227,6230,6233,6236,6239,6242,6245,6248,6251,6254,
    6257,6260,6263,6266,6269,6272,6275,6278,6281,6284,6287,6290,6293,6296,6299,6302,
    6305,6308,6311,6314,6317,6320,6323,6326,6329,6332,6335,6338,6341,6344,6347,6350,
    6353,6356,6359,6362,6365,6368,6371,6374,6377,6380,6383,6386,6389,6392,6395,6398,
    6401,6404,6407,6410,6413,6416,6419,6422,6425,6428,6431,6434,6437,6440,6443,6446,
    6449,6452,6455,6458,6461,6464,6467,6470,6474,6478,6482,6486,6490,6494,6498,6501,
    6519,6527,6531,6532,6533,6534,6535,6536,6537,6538,6539,6540,6543,6545,6546,6547,
    6548,6549,6550,6551,6552,6553,6554,6555,6556,6557,6558,6559,6560,6561,6562,6563,
    6564,6565,6566,6567,6569,6571,6573,6575,6576,6577,6578,6579,6580,6581,6582,6583,
    6584,6585,6586,6587,6588,6589,6590,6591,6592,6593,6594,6595,6596,6597,6598,6599,
    6600,6601,6602,6603,6604,6606,6608,6610,6612,6614,6616,6618,6620,6622,6624,6626,
    6628,6630,6632,6633,6635,6637,6639,6641,6643,6645,6647,6649,6651,6653,6655,6657,
    6658,6659,6660,6661,6662,6663,6664,6665,6666,6667,6668,6669,6670,6671,6672,6673,
    6674,6675,6676,6677,6678,6679,6680,6681,6682,6683,6684,6685,6686,6687,6688,6689,
    6690,6691,6692,6693,6694,6695,6696,6697,6698,6699,6700,6701,6702,6703,6704,6705,
    6706,6707,6708,6709,6710,6711,6712,6713,6714,6715,6716,6717,6718,6719,6720,6721,
    6722,6723,6724,6725,6726,6727,6728,6729,6730,6731,6732,6733,6734,6735,6736,6737,
    6738,6739,6740,6741,6742,6743,6744,6745,6746,6747,6748,6749,6750,6751,6752,6753,
    6754,6755,6756,6757,6758,6759,6760,6761,6764,6767,6770,6773,6776,6779,6781,6783,
    6784,6785,6786,6787,6788,6789,6790,6791,6792,6793,6794,6795,6796,6797,6798,6799,
    6800,6801,6802,6803,6804,6805,6806,6807,6808,6809,6810,6811,6812,6813,6814,6815,
    6816,6817,6818,6819,6820,6821,6822,6823,6824,6825,6826,6827,6828,6829,6830,6831,
    6832,6833,6834,6835,6836,6837,6838,6839,6840,6841,6842,6843,6844,6845,6846,6847,
    6848,6849,6850,6851,6852,6853,6854,6855,6856,6857,6858,6859,6860,6861,6862,6863,
    6864,6865,6866,6867,6868,6869,6870,6871,6872,6873,6874,6875,6876,6877,6878,6879,
    6880,6881,6882,6883,6884,6885,6886,6887,6888,6889,6890,6891,6892,6893,6894,6895,
    6896,6897,6898,6899,6900,6901,6902,6903,6904,6905,6906,6907,6908,6909,6910,6911,
    6912,6913,6914,6915,6916,6917,6918,6919,6920,6921,6922,6923,6924,6925,6926,6927,
    6928,6929,6930,6931,6932,6933,6934,6935,6936,6937,6938,6939,6940,6941,6942,6943,
    6944,6945,6946,6947,6948,6949,6950,6951,6952,6953,6954,6955,6956,6957,6958,6959,
    6960,6961,6962,6963,6964,6965,6966,6967,6968,6969,6970,6971,6972,6973,6974,6975,
    6976,6977,6978,6979,6980,6981,6982,6983,6984,6985,6986,6987,6988,6989,6990,6991,
    6992,6993,6994,6995,6996,6997,6999,7000,7001,7002,7003,7004,7005,7006,7007,7008,
    7009,7010,7011,7012,7013,7014,7015,7016,7017,7018,7019,7020,7021,7022,7023,7024,
    7025,7026,7027,7028,7029,7030,7031,7032,7033,7034,7035,7036,7037,7038,7039,7040,
    7041,7042,7043,7044,7045,7046,7047,7048,7049,7050,7051,7052,7053,7054,7055,7056,
    7057,7058,7059,7060,7061,7062,7063,7064,7065,7067,7069,7071,7073,7075,7077,7079,
    7081,7083,7085,7087,7089,7091,7093,7095,7098,7101,7104,7107,7110,7112,7114,7117,
    7120,7123,7126,7127,7128,7129,7130,7131,7132,7133,7134,7135,7136,7137,7138,7139,
    7140,7141,7142,7143,7144,7145,7146,7147,7148,7149,7150,7151,7152,7153,7154,7155,
    7156,7157,7158,7159,7160,7161,7162,7163,7164,7165,7166,7167,7168,7169,7170,7171,
    7172,7173,7174,7175,7176,7177,7178,7179,7180,7181,7182,7183,7184,7185,7186,7187,
    7188,7189,7190,7191,7192,7193,7194,7195,7196,7197,7198,7199,7200,7201,7202,7203,
    7204,7205,7206,7207,7208,7209,7210,7211,7212,7213,7214,7215,7216,7217,7218,7219,
    7220,7221,7222,7223,7224,7225,7226,7227,7228,7229,7230,7231,7232,7233,7234,7235,
    7236,7237,7238,7239,7240,7241,7242,7243,7244,7245,7246,7247,7248,7249,7250,7251,
    7252,7253,7254,7255,7256,7257,7258,7259,7260,7261,7262,7263,7264,7265,7266,7267,
    7268,7269,7270,7271,7272,7273,7274,7275,7276,7277,7278,7279,7280,7281,7282,7283,
    7284,7285,7286,7287,7288,7289,7290,7291,7292,7293,7294,7295,7296,7297,7298,7299,
    7300,7301,7302,7303,7304,7305,7306,7307,7308,7309,7310,7311,7312,7313,7314,7315,
    7316,7317,7318,7319,7320,7321,7322,7323,7324,7325,7326,7327,7328,7329,7330,7331,
    7332,7333,7334,7335,7336,7337,7338,7339,7340,7341,7342,7343,7344,7345,7346,7347,
    7348,7349,7350,7351,7352,7353,7354,7355,7356,7357,7358,7359,7360,7361,7362,7363,
    7364,7365,7366,7367,7368,7369,7370,7371,7372,7373,7374,7375,7376,7377,7378,7379,
    7380,7381,7382,7383,7384,7385,7386,7387,7388,7389,7390,7391,7392,7393,7394,7395,
    7396,7397,7398,7399,7400,7401,7402,7403,7404,7405,7406,7407,7408,7409,7410,7411,
    7412,7413,7414,7415,7416,7417,7418,7419,7420,7421,7422,7423,7424,7425,7426,7427,
    7428,7429,7430,7431,7432,7433,7434,7435,7436,7437,7438,7439,7440,7441,7442,7443,
    7444,7445,7446,7447,7448,7449,7450,7451,7452,7453,7454,7455,7456,7457,7458,7459,
    7460,7461,7462,7463,7464,7465,7466,7467,7468,7469,7470,7471,7472,7473,7474,7475,
    7476,7477,7478,7479,7480,7481,7482,7483,7484,7485,7486,7487,7488,7489,7490,7491,
    7492,7493,7494,7495,7496,7497,7498,7499,7500,7501,7502,7503,7504,7505,7506,7507,
    7508,7509,7510,7511,7512,7513,7514,7515,7516,7517,7518,7519,7520,7521,7522,7523,
    7524,7525,7526,7527,7528,7529,7530,7531,7532,7533,7534,7535,7536,7537,7538,7539,
    7540,7541,7542,7543,7544,7545,7546,7547,7548,7549,7550,7551,7552,7553,7554,7555,
    7556,7557,7558,7559,7560,7561,7562,7563,7564,7565,7566,7567,7568,7569,7570,7571,
    7572,7573,7574,7575,7576,7577,7578,7579,7580,7581,7582,7583,7584,7585,7586,7587,
    7588,7589,7590,7591,7592,7593,7594,7595,7596,7597,7598,7599,7600,7601,7602,7603,
    7604,7605,7606,7607,7608,7609,7610,7611,7612,7613,7614,7615,7616,7617,7618,7619,
    7620,7621,7622,7623,7624,7625,7626,7627,7628,7629,7630,7631,7632,7633,7634,7635,
    7636,7637,7638,7639,7640,7641,7642,7643,7644,7645,7646,7647,7648,7649,7650,7651,
    7652,7653,7654,7655,7656,7657,7658,7659,7660,7661,7662,7663,7664,7665,7666,7667,
    7668,7669,7670,7671,7672,7673,7674,7675,7676,7677,7678,7679,7680,7681,7682,7683,
    7684,7685,7686,7687,7688,7689,7690,7691,7692,7693,7694,7695,7696,7697,7698,7699,
    7700,7701,7702,7703,7704,7705,7706,7707,7708,7709,7710,7711,7712,7713,7714,7715,
    7716,7717,7718,7719,7720,7721,7722,7723,7724,7725,7726,7727,7728,7729,7730,7731,
    7732,7733,7734,7735,7736,7737,7738,7739,7740,7741,7742,7743,7744,7745,7746,7747,
    7748,7749,7750,7751,7752,7753,7754,7755,7756,7757,7758,7759,7760,7761,7762,7763,
    7764,7765,7766,7767,7768,7769,7770,7771,7772,7773,7774,7775,7776,7777,7778,7779,
    7780,7781,7782,7783,7784,7785,7786,7787,7788,7789,7790,7791,7792,7793,7794,7795,
    7796,7797,7798,7799,7800,7801,7802,7803,7804,7805,7806,7807,7808,7809,7810,7811,
    7812,7813,7814,7815,7816,7817,7818,7819,7820,7821,7822,7823,7824,7825,7826,7827,
    7828,7829,7830,7831,7832,7833,7834,7835,7836,7837,7838,7839,7840,7841,7842,7843,
    7844,7845,7846,7847,7848,7849,7850,7851,7852,7853,7854,7855,7856,7857,7858,7859,
    7860,7861,7862,7863,7864,7865,7866,7867,7868,7869,7870,7871,7872,7873,7874,7875,
    7876,7877,7878,7879,7880,7881,7882,7883,7884,7885,7886,7887,7888,7889,7890,7891,
    7892,7893,7894,7895,7896,7897,7898,7899,7900,7901,7902,7903,7904,7905,7906,7907,
    7908,7909,7910,7911,7912,7913,7914,7915,7916,7917,7918,7919,7920,7921,7922,7923,
    7924,7925,7926,7927,7928,7929,7930,7931,7932,7933,7934,7935,7936,7937,7938,7939,
    7940,7941,7942,7943,7944,7945,7946,7947,7948,7949,7950,7951,7952,7953,7954,7955,
    7956,7957,7958,7959,7960,7961,7962,7963,7964,7965,7966,7967,7968,7969,7970,7971,
    7972,7973,7974,7975,7976,7977,7978,7979,7980,7981,7982,7983,7984,7985,7986,7987,
    7988,7989,7990,7991,7992,7993,7994,7995,7996,7997,7998,7999,8000,8001,8002,8003,
    8004,8005,8006,8007,8008,8009,8010,8011,8012,8013,8014,8015,8016,8017,8018,8019,
    8020,8021,8022,8023,8024,8025,8026,8027,8028,8029,8030,8031,8032,8033,8034,8035,
    8036,8037,8038,8039,8040,8041,8042,8043,8044,8045,8046,8047,8048,8049,8050,8051,
    8052,8053,8054,8055,8056,8057,8058,8059,8060,8061,8062,8063,8064,8065,8066,8067,
    8068,8069,8070,8071,8072,8073,8074,8075,8076,8077,8078,8079,8080,8081,8082,8083,
    8084,8085,8086,8087,8088,8089,8090,8091,8092,8093,8094,8095,8096,8097,8098,8099,
    8100,8101,8102,8103,8104,8105,8106,8107,8108,8109,8110,8111,8112,8113,8114,8115,
    8116,8117,8118,8119,8120,8121,8122,8123,8124,8125,8126,8127,8128,8129,8130,8131,
    8132,8133,8134,8135,8136,8137,8138,8139,8140,8141,8142,8143,8144,8145,8146,8147,
    8148,8149,8150,8151,8152,8153,8154,8155,8156,8157,8158,8159,8160,8161,8162,8163,
    8164,8165,8166,8167,8168,8169,8170,8171,8172,8173,8174,8175,8176,8177,8178,8179,
    8180,8181,8182,8183,8184,8185,8186,8187,8188,8189,8190,8191,8192,8193,8194,8195,
    8196,8197,8198,8199,8200,8201,8202,8203,8204,8205,8206,8207,8208,8209,8210,8211,
    8212,8213,8214,8215,8216,8217,8218,8219,8220,8221,8222,8223,8224,8225,8226,8227,
    8228,8229,8230,8231,8232,8233,8234,8235,8236,8237,8238,8239,8240,8241,8242,8243,
    8244,8245,8246,8247,8248,8249,8250,8251,8252,8253,8254,8255,8256,8257,8258,8259,
    8260,8261,8262,8263,8265,8267,8269,8271,8273,8275,8277,8279,8281,8283,8285,8288,
    8291,8294,8297,8300,8303,8306,8309,8312,8315,8318,8321,8324,8327,8330,8333,8336,
    8339,8342,8345,8348,8351,8354,8357,8360,8363,8366,8367,8368,8370,8372,8373,8374,
    8375,8376,8377,8378,8379,8380,8381,8382,8383,8384,8385,8386,8387,8388,8389,8390,
    8391,8392,8393,8394,8395,8396,8397,8398,8400,8402,8404,8406,8409,8411,8413,8415,
    8417,8419,8421,8423,8424,8425,8426,8427,8429,8430,8431,8432,8433,8434,8435,8436,
    8437,8438,8439,8440,8441,8442,8443,8444,8445,8446,8447,8448,8449,8450,8451,8452,
    8453,8454,8455,8456,8457,8458,8459,8460,8461,8462,8463,8464,8465,8466,8467,8468,
    8469,8472,8475,8478,8481,8484,8487,8490,8493,8496,8497,8498,8499,8500,8501,8502,
    8503,8504,8505,8506,8507,8508,8509,8510,8511,8512,8513,8514,8515,8516,8517,8518,
    8519,8520,8521,8522,8523,8524,8525,8526,8527,8528,8529,8530,8531,8532,8533,8534,
    8535,8536,8537,8538,8539,8540,8541,8542,8543,8544,8545,8546,8547,8548,8549,8550,
    8551,8552,8553,8554,8555,8556,8557,8558,8559,8560,8561,8562,8563,8564,8565,8566,
    8567,8568,8569,8570,8571,8572,8573,8574,8575,8576,8577,8578,8579,8580,8581,8582,
    8583,8584,8585,8586,8587,8588,8589,8590,8591,8592,8593,8594,8595,8596,8597,8598,
    8599,8600,8601,8602,8603,8604,8605,8606,8607,8608,8609,8610,8611,8612,8613,8614,
    8615,8616,8617,8618,8619,8620,8621,8622,8623,8624,8625,8626,8627,8628,8629,8630,
    8631,8632,8633,8634,8635,8636,8637,8638,8639,8640,8641,8642,8643,8644,8645,8646,
    8647,8648,8649,8650,8651,8652,8653,8654,8655,8656,8657,8658,8659,8660,8661,8662,
    8663,8664,8665,8666,8667,8668,8669,8670,8671,8672,8673,8674,8675,8676,8677,8678,
    8679,8680,8681,8682,8683,8684,8685,8686,8687,8688,8689,8690,8691,8692,8693,8694,
    8695,8696,8697,8698,8699,8700,8701,8702,8703,8704,8705,8706,8707,8708,8709,8710,
    8711,8712,8713,8714,8715,8716,8717,8718,8719,8720,8721,8722,8723,8724,8725,8726,
    8727,8728,8729,8730,8731,8732,8733,8734,8735,8736,8737,8738,8739,8740,8741,8742,
    8743,8744,8745,8746,8747,8748,8749,8750,8751,8752,8753,8754,8755,8756,8757,8758,
    8759,8760,8761,8762,8763,8764,8765,8766,8767,8768,8769,8770,8771,8772,8773,8774,
    8775,8776,8777,8778,8779,8780,8781,8782,8783,8784,8785,8786,8787,8788,8789,8790,
    8791,8792,8793,8794,8795,8796,8797,8798,8799,8800,8801,8802,8803,8804,8805,8806,
    8807,8808,8809,8810,8811,8812,8813,8814,8815,8816,8817,8818,8819,8820,8821,8822,
    8823,8824,8825,8826,8827,8828,8829,8830,8831,8832,8833,8834,8835,8836,8837,8838,
    8839,8840,8841,8842,8843,8844,8845,8846,8847,8848,8849,8850,8851,8852,8853,8854,
    8855,8856,8857,8858,8859,8860,8861,8862,8863,8864,8865,8866,8867,8868,8869,8870,
    8871,8872,8873,8874,8875,8876,8877,8878,8879,8880,8881,8882,8883,8884,8885,8886,
    8887,8888,8889,8890,8891,8892,8893,8894,8895,8896,8897,8898,8899,8900,8901,8902,
    8903,8904,8905,8906,8907,8908,8909,8910,8911,8912,8913,8914,8915,8916,8917,8918,
    8919,8920,8921,8922,8923,8924,8925,8926,8927,8928,8929,8930,8931,8932,8933,8934,
    8935,8936,8937,8938,8939,8940,8941,8942,8943,8944,8945,8946,8947,8948,8949,8950,
    8951,8952,8953,8954,8955,8956,8957,8958,8959,8960,8961,8962,8963,8964,8965,8966,
    8967,8968,8969,8970,8971,8972,8973,8974,8975,8976,8977,8978,8979,8980,8981,8982,
    8983,8984,8985,8986,8987,8988,8989,8990,8991,8992,8993,8994,8995,8996,8997,8998,
    8999,9000,9001,9002,9003,9004,9005,9006,9007,9008,9009,9010,9011,9012,9013,9014,
    9015,9016,9017,9018,9019,9020,9021,9022,9023,9024,9025,9026,9027,9028,9029,9030,
    9031,9032,9033,9034,9035,9036,9037,9038,9039,9040,9041,9042,9043,9044,9045,9046,
    9047,9048,9049,9050,
};
extern const uint32_t kNfkdPool[] = {
    0x20,0x20,0x308,0x61,0x20,0x304,0x32,0x33,0x20,0x301,0x3bc,0x20,
    0x327,0x31,0x6f,0x31,0x2044,0x34,0x31,0x2044,0x32,0x33,0x2044,0x34,
    0x41,0x300,0x41,0x301,0x41,0x302,0x41,0x303,0x41,0x308,0x41,0x30a,
    0x43,0x327,0x45,0x300,0x45,0x301,0x45,0x302,0x45,0x308,0x49,0x300,
    0x49,0x301,0x49,0x302,0x49,0x308,0x4e,0x303,0x4f,0x300,0x4f,0x301,
    0x4f,0x302,0x4f,0x303,0x4f,0x308,0x55,0x300,0x55,0x301,0x55,0x302,
    0x55,0x308,0x59,0x301,0x61,0x300,0x61,0x301,0x61,0x302,0x61,0x303,
    0x61,0x308,0x61,0x30a,0x63,0x327,0x65,0x300,0x65,0x301,0x65,0x302,
    0x65,0x308,0x69,0x300,0x69,0x301,0x69,0x302,0x69,0x308,0x6e,0x303,
    0x6f,0x300,0x6f,0x301,0x6f,0x302,0x6f,0x303,0x6f,0x308,0x75,0x300,
    0x75,0x301,0x75,0x302,0x75,0x308,0x79,0x301,0x79,0x308,0x41,0x304,
    0x61,0x304,0x41,0x306,0x61,0x306,0x41,0x328,0x61,0x328,0x43,0x301,
    0x63,0x301,0x43,0x302,0x63,0x302,0x43,0x307,0x63,0x307,0x43,0x30c,
    0x63,0x30c,0x44,0x30c,0x64,0x30c,0x45,0x304,0x65,0x304,0x45,0x306,
    0x65,0x306,0x45,0x307,0x65,0x307,0x45,0x328,0x65,0x328,0x45,0x30c,
    0x65,0x30c,0x47,0x302,0x67,0x302,0x47,0x306,0x67,0x306,0x47,0x307,
    0x67,0x307,0x47,0x327,0x67,0x327,0x48,0x302,0x68,0x302,0x49,0x303,
    0x69,0x303,0x49,0x304,0x69,0x304,0x49,0x306,0x69,0x306,0x49,0x328,
    0x69,0x328,0x49,0x307,0x49,0x4a,0x69,0x6a,0x4a,0x302,0x6a,0x302,
    0x4b,0x327,0x6b,0x327,0x4c,0x301,0x6c,0x301,0x4c,0x327,0x6c,0x327,
    0x4c,0x30c,0x6c,0x30c,0x4c,0xb7,0x6c,0xb7,0x4e,0x301,0x6e,0x301,
    0x4e,0x327,0x6e,0x327,0x4e,0x30c,0x6e,0x30c,0x2bc,0x6e,0x4f,0x304,
    0x6f,0x304,0x4f,0x306,0x6f,0x306,0x4f,0x30b,0x6f,0x30b,0x52,0x301,
    0x72,0x301,0x52,0x327,0x72,0x327,0x52,0x30c,0x72,0x30c,0x53,0x301,
    0x73,0x301,0x53,0x302,0x73,0x302,0x53,0x327,0x73,0x327,0x53,0x30c,
    0x73,0x30c,0x54,0x327,0x74,0x327,0x54,0x30c,0x74,0x30c,0x55,0x303,
    0x75,0x303,0x55,0x304,0x75,0x304,0x55,0x306,0x75,0x306,0x55,0x30a,
    0x75,0x30a,0x55,0x30b,0x75,0x30b,0x55,0x328,0x75,0x328,0x57,0x302,
    0x77,0x302,0x59,0x302,0x79,0x302,0x59,0x308,0x5a,0x301,0x7a,0x301,
    0x5a,0x307,0x7a,0x307,0x5a,0x30c,0x7a,0x30c,0x73,0x4f,0x31b,0x6f,
    0x31b,0x55,0x31b,0x75,0x31b,0x44,0x5a,0x30c,0x44,0x7a,0x30c,0x64,
    0x7a,0x30c,0x4c,0x4a,0x4c,0x6a,0x6c,0x6a,0x4e,0x4a,0x4e,0x6a,
    0x6e,0x6a,0x41,0x30c,0x61,0x30c,0x49,0x30c,0x69,0x30c,0x4f,0x30c,
    0x6f,0x30c,0x55,0x30c,0x75,0x30c,0x55,0x308,0x304,0x75,0x308,0x304,
    0x55,0x308,0x301,0x75,0x308,0x301,0x55,0x308,0x30c,0x75,0x308,0x30c,
    0x55,0x308,0x300,0x75,0x308,0x300,0x41,0x308,0x304,0x61,0x308,0x304,
    0x41,0x307,0x304,0x61,0x307,0x304,0xc6,0x304,0xe6,0x304,0x47,0x30c,
    0x67,0x30c,0x4b,0x30c,0x6b,0x30c,0x4f,0x328,0x6f,0x328,0x4f,0x328,
    0x304,0x6f,0x328,0x304,0x1b7,0x30c,0x292,0x30c,0x6a,0x30c,0x44,0x5a,
    0x44,0x7a,0x64,0x7a,0x47,0x301,0x67,0x301,0x4e,0x300,0x6e,0x300,
    0x41,0x30a,0x301,0x61,0x30a,0x301,0xc6,0x301,0xe6,0x301,0xd8,0x301,
    0xf8,0x301,0x41,0x30f,0x61,0x30f,0x41,0x311,0x61,0x311,0x45,0x30f,
    0x65,0x30f,0x45,0x311,0x65,0x311,0x49,0x30f,0x69,0x30f,0x49,0x311,
    0x69,0x311,0x4f,0x30f,0x6f,0x30f,0x4f,0x311,0x6f,0x311,0x52,0x30f,
    0x72,0x30f,0x52,0x311,0x72,0x311,0x55,0x30f,0x75,0x30f,0x55,0x311,
    0x75,0x311,0x53,0x326,0x73,0x326,0x54,0x326,0x74,0x326,0x48,0x30c,
    0x68,0x30c,0x41,0x307,0x61,0x307,0x45,0x327,0x65,0x327,0x4f,0x308,
    0x304,0x6f,0x308,0x304,0x4f,0x303,0x304,0x6f,0x303,0x304,0x4f,0x307,
    0x6f,0x307,0x4f,0x307,0x304,0x6f,0x307,0x304,0x59,0x304,0x79,0x304,
    0x68,0x266,0x6a,0x72,0x279,0x27b,0x281,0x77,0x79,0x20,0x306,0x20,
    0x307,0x20,0x30a,0x20,0x328,0x20,0x303,0x20,0x30b,0x263,0x6c,0x73,
    0x78,0x295,0x300,0x301,0x313,0x308,0x301,0x2b9,0x20,0x345,0x3b,0x20,
    0x301,0x20,0x308,0x301,0x391,0x301,0xb7,0x395,0x301,0x397,0x301,0x399,
    0x301,0x39f,0x301,0x3a5,0x301,0x3a9,0x301,0x3b9,0x308,0x301,0x399,0x308,
    0x3a5,0x308,0x3b1,0x301,0x3b5,0x301,0x3b7,0x301,0x3b9,0x301,0x3c5,0x308,
    0x301,0x3b9,0x308,0x3c5,0x308,0x3bf,0x301,0x3c5,0x301,0x3c9,0x301,0x3b2,
    0x3b8,0x3a5,0x3a5,0x301,0x3a5,0x308,0x3c6,0x3c0,0x3ba,0x3c1,0x3c2,0x398,
    0x3b5,0x3a3,0x415,0x300,0x415,0x308,0x413,0x301,0x406,0x308,0x41a,0x301,
    0x418,0x300,0x423,0x306,0x418,0x306,0x438,0x306,0x435,0x300,0x435,0x308,
    0x433,0x301,0x456,0x308,0x43a,0x301,0x438,0x300,0x443,0x306,0x474,0x30f,
    0x475,0x30f,0x416,0x306,0x436,0x306,0x410,0x306,0x430,0x306,0x410,0x308,
    0x430,0x308,0x415,0x306,0x435,0x306,0x4d8,0x308,0x4d9,0x308,0x416,0x308,
    0x436,0x308,0x417,0x308,0x437,0x308,0x418,0x304,0x438,0x304,0x418,0x308,
    0x438,0x308,0x41e,0x308,0x43e,0x308,0x4e8,0x308,0x4e9,0x308,0x42d,0x308,
    0x44d,0x308,0x423,0x304,0x443,0x304,0x423,0x308,0x443,0x308,0x423,0x30b,
    0x443,0x30b,0x427,0x308,0x447,0x308,0x42b,0x308,0x44b,0x308,0x565,0x582,
    0x627,0x653,0x627,0x654,0x648,0x654,0x627,0x655,0x64a,0x654,0x627,0x674,
    0x648,0x674,0x6c7,0x674,0x64a,0x674,0x6d5,0x654,0x6c1,0x654,0x6d2,0x654,
    0x928,0x93c,0x930,0x93c,0x933,0x93c,0x915,0x93c,0x916,0x93c,0x917,0x93c,
    0x91c,0x93c,0x921,0x93c,0x922,0x93c,0x92b,0x93c,0x92f,0x93c,0x9c7,0x9be,
    0x9c7,0x9d7,0x9a1,0x9bc,0x9a2,0x9bc,0x9af,0x9bc,0xa32,0xa3c,0xa38,0xa3c,
    0xa16,0xa3c,0xa17,0xa3c,0xa1c,0xa3c,0xa2b,0xa3c,0xb47,0xb56,0xb47,0xb3e,
    0xb47,0xb57,0xb21,0xb3c,0xb22,0xb3c,0xb92,0xbd7,0xbc6,0xbbe,0xbc7,0xbbe,
    0xbc6,0xbd7,0xc46,0xc56,0xcbf,0xcd5,0xcc6,0xcd5,0xcc6,0xcd6,0xcc6,0xcc2,
    0xcc6,0xcc2,0xcd5,0xd46,0xd3e,0xd47,0xd3e,0xd46,0xd57,0xdd9,0xdca,0xdd9,
    0xdcf,0xdd9,0xdcf,0xdca,0xdd9,0xddf,0xe4d,0xe32,0xecd,0xeb2,0xeab,0xe99,
    0xeab,0xea1,0xf0b,0xf42,0xfb7,0xf4c,0xfb7,0xf51,0xfb7,0xf56,0xfb7,0xf5b,
    0xfb7,0xf40,0xfb5,0xf71,0xf72,0xf71,0xf74,0xfb2,0xf80,0xfb2,0xf71,0xf80,
    0xfb3,0xf80,0xfb3,0xf71,0xf80,0xf71,0xf80,0xf92,0xfb7,0xf9c,0xfb7,0xfa1,
    0xfb7,0xfa6,0xfb7,0xfab,0xfb7,0xf90,0xfb5,0x1025,0x102e,0x10dc,0x1b05,0x1b35,
    0x1b07,0x1b35,0x1b09,0x1b35,0x1b0b,0x1b35,0x1b0d,0x1b35,0x1b11,0x1b35,0x1b3a,0x1b35,
    0x1b3c,0x1b35,0x1b3e,0x1b35,0x1b3f,0x1b35,0x1b42,0x1b35,0x41,0xc6,0x42,0x44,
    0x45,0x18e,0x47,0x48,0x49,0x4a,0x4b,0x4c,0x4d,0x4e,0x4f,0x222,
    0x50,0x52,0x54,0x55,0x57,0x61,0x250,0x251,0x1d02,0x62,0x64,0x65,
    0x259,0x25b,0x25c,0x67,0x6b,0x6d,0x14b,0x6f,0x254,0x1d16,0x1d17,0x70,
    0x74,0x75,0x1d1d,0x26f,0x76,0x1d25,0x3b2,0x3b3,0x3b4,0x3c6,0x3c7,0x69,
    0x72,0x75,0x76,0x3b2,0x3b3,0x3c1,0x3c6,0x3c7,0x43d,0x252,0x63,0x255,
    0xf0,0x25c,0x66,0x25f,0x261,0x265,0x268,0x269,0x26a,0x1d7b,0x29d,0x26d,
    0x1d85,0x29f,0x271,0x270,0x272,0x273,0x274,0x275,0x278,0x282,0x283,0x1ab,
    0x289,0x28a,0x1d1c,0x28b,0x28c,0x7a,0x290,0x291,0x292,0x3b8,0x41,0x325,
    0x61,0x325,0x42,0x307,0x62,0x307,0x42,0x323,0x62,0x323,0x42,0x331,
    0x62,0x331,0x43,0x327,0x301,0x63,0x327,0x301,0x44,0x307,0x64,0x307,
    0x44,0x323,0x64,0x323,0x44,0x331,0x64,0x331,0x44,0x327,0x64,0x327,
    0x44,0x32d,0x64,0x32d,0x45,0x304,0x300,0x65,0x304,0x300,0x45,0x304,
    0x301,0x65,0x304,0x301,0x45,0x32d,0x65,0x32d,0x45,0x330,0x65,0x330,
    0x45,0x327,0x306,0x65,0x327,0x306,0x46,0x307,0x66,0x307,0x47,0x304,
    0x67,0x304,0x48,0x307,0x68,0x307,0x48,0x323,0x68,0x323,0x48,0x308,
    0x68,0x308,0x48,0x327,0x68,0x327,0x48,0x32e,0x68,0x32e,0x49,0x330,
    0x69,0x330,0x49,0x308,0x301,0x69,0x308,0x301,0x4b,0x301,0x6b,0x301,
    0x4b,0x323,0x6b,0x323,0x4b,0x331,0x6b,0x331,0x4c,0x323,0x6c,0x323,
    0x4c,0x323,0x304,0x6c,0x323,0x304,0x4c,0x331,0x6c,0x331,0x4c,0x32d,
    0x6c,0x32d,0x4d,0x301,0x6d,0x301,0x4d,0x307,0x6d,0x307,0x4d,0x323,
    0x6d,0x323,0x4e,0x307,0x6e,0x307,0x4e,0x323,0x6e,0x323,0x4e,0x331,
    0x6e,0x331,0x4e,0x32d,0x6e,0x32d,0x4f,0x303,0x301,0x6f,0x303,0x301,
    0x4f,0x303,0x308,0x6f,0x303,0x308,0x4f,0x304,0x300,0x6f,0x304,0x300,
    0x4f,0x304,0x301,0x6f,0x304,0x301,0x50,0x301,0x70,0x301,0x50,0x307,
    0x70,0x307,0x52,0x307,0x72,0x307,0x52,0x323,0x72,0x323,0x52,0x323,
    0x304,0x72,0x323,0x304,0x52,0x331,0x72,0x331,0x53,0x307,0x73,0x307,
    0x53,0x323,0x73,0x323,0x53,0x301,0x307,0x73,0x301,0x307,0x53,0x30c,
    0x307,0x73,0x30c,0x307,0x53,0x323,0x307,0x73,0x323,0x307,0x54,0x307,
    0x74,0x307,0x54,0x323,0x74,0x323,0x54,0x331,0x74,0x331,0x54,0x32d,
    0x74,0x32d,0x55,0x324,0x75,0x324,0x55,0x330,0x75,0x330,0x55,0x32d,
    0x75,0x32d,0x55,0x303,0x301,0x75,0x303,0x301,0x55,0x304,0x308,0x75,
    0x304,0x308,0x56,0x303,0x76,0x303,0x56,0x323,0x76,0x323,0x57,0x300,
    0x77,0x300,0x57,0x301,0x77,0x301,0x57,0x308,0x77,0x308,0x57,0x307,
    0x77,0x307,0x57,0x323,0x77,0x323,0x58,0x307,0x78,0x307,0x58,0x308,
    0x78,0x308,0x59,0x307,0x79,0x307,0x5a,0x302,0x7a,0x302,0x5a,0x323,
    0x7a,0x323,0x5a,0x331,0x7a,0x331,0x68,0x331,0x74,0x308,0x77,0x30a,
    0x79,0x30a,0x61,0x2be,0x73,0x307,0x41,0x323,0x61,0x323,0x41,0x309,
    0x61,0x309,0x41,0x302,0x301,0x61,0x302,0x301,0x41,0x302,0x300,0x61,
    0x302,0x300,0x41,0x302,0x309,0x61,0x302,0x309,0x41,0x302,0x303,0x61,
    0x302,0x303,0x41,0x323,0x302,0x61,0x323,0x302,0x41,0x306,0x301,0x61,
    0x306,0x301,0x41,0x306,0x300,0x61,0x306,0x300,0x41,0x306,0x309,0x61,
    0x306,0x309,0x41,0x306,0x303,0x61,0x306,0x303,0x41,0x323,0x306,0x61,
    0x323,0x306,0x45,0x323,0x65,0x323,0x45,0x309,0x65,0x309,0x45,0x303,
    0x65,0x303,0x45,0x302,0x301,0x65,0x302,0x301,0x45,0x302,0x300,0x65,
    0x302,0x300,0x45,0x302,0x309,0x65,0x302,0x309,0x45,0x302,0x303,0x65,
    0x302,0x303,0x45,0x323,0x302,0x65,0x323,0x302,0x49,0x309,0x69,0x309,
    0x49,0x323,0x69,0x323,0x4f,0x323,0x6f,0x323,0x4f,0x309,0x6f,0x309,
    0x4f,0x302,0x301,0x6f,0x302,0x301,0x4f,0x302,0x300,0x6f,0x302,0x300,
    0x4f,0x302,0x309,0x6f,0x302,0x309,0x4f,0x302,0x303,0x6f,0x302,0x303,
    0x4f,0x323,0x302,0x6f,0x323,0x302,0x4f,0x31b,0x301,0x6f,0x31b,0x301,
    0x4f,0x31b,0x300,0x6f,0x31b,0x300,0x4f,0x31b,0x309,0x6f,0x31b,0x309,
    0x4f,0x31b,0x303,0x6f,0x31b,0x303,0x4f,0x31b,0x323,0x6f,0x31b,0x323,
    0x55,0x323,0x75,0x323,0x55,0x309,0x75,0x309,0x55,0x31b,0x301,0x75,
    0x31b,0x301,0x55,0x31b,0x300,0x75,0x31b,0x300,0x55,0x31b,0x309,0x75,
    0x31b,0x309,0x55,0x31b,0x303,0x75,0x31b,0x303,0x55,0x31b,0x323,0x75,
    0x31b,0x323,0x59,0x300,0x79,0x300,0x59,0x323,0x79,0x323,0x59,0x309,
    0x79,0x309,0x59,0x303,0x79,0x303,0x3b1,0x313,0x3b1,0x314,0x3b1,0x313,
    0x300,0x3b1,0x314,0x300,0x3b1,0x313,0x301,0x3b1,0x314,0x301,0x3b1,0x313,
    0x342,0x3b1,0x314,0x342,0x391,0x313,0x391,0x314,0x391,0x313,0x300,0x391,
    0x314,0x300,0x391,0x313,0x301,0x391,0x314,0x301,0x391,0x313,0x342,0x391,
    0x314,0x342,0x3b5,0x313,0x3b5,0x314,0x3b5,0x313,0x300,0x3b5,0x314,0x300,
    0x3b5,0x313,0x301,0x3b5,0x314,0x301,0x395,0x313,0x395,0x314,0x395,0x313,
    0x300,0x395,0x314,0x300,0x395,0x313,0x301,0x395,0x314,0x301,0x3b7,0x313,
    0x3b7,0x314,0x3b7,0x313,0x300,0x3b7,0x314,0x300,0x3b7,0x313,0x301,0x3b7,
    0x314,0x301,0x3b7,0x313,0x342,0x3b7,0x314,0x342,0x397,0x313,0x397,0x314,
    0x397,0x313,0x300,0x397,0x314,0x300,0x397,0x313,0x301,0x397,0x314,0x301,
    0x397,0x313,0x342,0x397,0x314,0x342,0x3b9,0x313,0x3b9,0x314,0x3b9,0x313,
    0x300,0x3b9,0x314,0x300,0x3b9,0x313,0x301,0x3b9,0x314,0x301,0x3b9,0x313,
    0x342,0x3b9,0x314,0x342,0x399,0x313,0x399,0x314,0x399,0x313,0x300,0x399,
    0x314,0x300,0x399,0x313,0x301,0x399,0x314,0x301,0x399,0x313,0x342,0x399,
    0x314,0x342,0x3bf,0x313,0x3bf,0x314,0x3bf,0x313,0x300,0x3bf,0x314,0x300,
    0x3bf,0x313,0x301,0x3bf,0x314,0x301,0x39f,0x313,0x39f,0x314,0x39f,0x313,
    0x300,0x39f,0x314,0x300,0x39f,0x313,0x301,0x39f,0x314,0x301,0x3c5,0x313,
    0x3c5,0x314,0x3c5,0x313,0x300,0x3c5,0x314,0x300,0x3c5,0x313,0x301,0x3c5,
    0x314,0x301,0x3c5,0x313,0x342,0x3c5,0x314,0x342,0x3a5,0x314,0x3a5,0x314,
    0x300,0x3a5,0x314,0x301,0x3a5,0x314,0x342,0x3c9,0x313,0x3c9,0x314,0x3c9,
    0x313,0x300,0x3c9,0x314,0x300,0x3c9,0x313,0x301,0x3c9,0x314,0x301,0x3c9,
    0x313,0x342,0x3c9,0x314,0x342,0x3a9,0x313,0x3a9,0x314,0x3a9,0x313,0x300,
    0x3a9,0x314,0x300,0x3a9,0x313,0x301,0x3a9,0x314,0x301,0x3a9,0x313,0x342,
    0x3a9,0x314,0x342,0x3b1,0x300,0x3b1,0x301,0x3b5,0x300,0x3b5,0x301,0x3b7,
    0x300,0x3b7,0x301,0x3b9,0x300,0x3b9,0x301,0x3bf,0x300,0x3bf,0x301,0x3c5,
    0x300,0x3c5,0x301,0x3c9,0x300,0x3c9,0x301,0x3b1,0x313,0x345,0x3b1,0x314,
    0x345,0x3b1,0x313,0x300,0x345,0x3b1,0x314,0x300,0x345,0x3b1,0x313,0x301,
    0x345,0x3b1,0x314,0x301,0x345,0x3b1,0x313,0x342,0x345,0x3b1,0x314,0x342,
    0x345,0x391,0x313,0x345,0x391,0x314,0x345,0x391,0x313,0x300,0x345,0x391,
    0x314,0x300,0x345,0x391,0x313,0x301,0x345,0x391,0x314,0x301,0x345,0x391,
    0x313,0x342,0x345,0x391,0x314,0x342,0x345,0x3b7,0x313,0x345,0x3b7,0x314,
    0x345,0x3b7,0x313,0x300,0x345,0x3b7,0x314,0x300,0x345,0x3b7,0x313,0x301,
    0x345,0x3b7,0x314,0x301,0x345,0x3b7,0x313,0x342,0x345,0x3b7,0x314,0x342,
    0x345,0x397,0x313,0x345,0x397,0x314,0x345,0x397,0x313,0x300,0x345,0x397,
    0x314,0x300,0x345,0x397,0x313,0x301,0x345,0x397,0x314,0x301,0x345,0x397,
    0x313,0x342,0x345,0x397,0x314,0x342,0x345,0x3c9,0x313,0x345,0x3c9,0x314,
    0x345,0x3c9,0x313,0x300,0x345,0x3c9,0x314,0x300,0x345,0x3c9,0x313,0x301,
    0x345,0x3c9,0x314,0x301,0x345,0x3c9,0x313,0x342,0x345,0x3c9,0x314,0x342,
    0x345,0x3a9,0x313,0x345,0x3a9,0x314,0x345,0x3a9,0x313,0x300,0x345,0x3a9,
    0x314,0x300,0x345,0x3a9,0x313,0x301,0x345,0x3a9,0x314,0x301,0x345,0x3a9,
    0x313,0x342,0x345,0x3a9,0x314,0x342,0x345,0x3b1,0x306,0x3b1,0x304,0x3b1,
    0x300,0x345,0x3b1,0x345,0x3b1,0x301,0x345,0x3b1,0x342,0x3b1,0x342,0x345,
    0x391,0x306,0x391,0x304,0x391,0x300,0x391,0x301,0x391,0x345,0x20,0x313,
    0x3b9,0x20,0x313,0x20,0x342,0x20,0x308,0x342,0x3b7,0x300,0x345,0x3b7,
    0x345,0x3b7,0x301,0x345,0x3b7,0x342,0x3b7,0x342,0x345,0x395,0x300,0x395,
    0x301,0x397,0x300,0x397,0x301,0x397,0x345,0x20,0x313,0x300,0x20,0x313,
    0x301,0x20,0x313,0x342,0x3b9,0x306,0x3b9,0x304,0x3b9,0x308,0x300,0x3b9,
    0x308,0x301,0x3b9,0x342,0x3b9,0x308,0x342,0x399,0x306,0x399,0x304,0x399,
    0x300,0x399,0x301,0x20,0x314,0x300,0x20,0x314,0x301,0x20,0x314,0x342,
    0x3c5,0x306,0x3c5,0x304,0x3c5,0x308,0x300,0x3c5,0x308,0x301,0x3c1,0x313,
    0x3c1,0x314,0x3c5,0x342,0x3c5,0x308,0x342,0x3a5,0x306,0x3a5,0x304,0x3a5,
    0x300,0x3a5,0x301,0x3a1,0x314,0x20,0x308,0x300,0x20,0x308,0x301,0x60,
    0x3c9,0x300,0x345,0x3c9,0x345,0x3c9,0x301,0x345,0x3c9,0x342,0x3c9,0x342,
    0x345,0x39f,0x300,0x39f,0x301,0x3a9,0x300,0x3a9,0x301,0x3a9,0x345,0x20,
    0x301,0x20,0x314,0x20,0x20,0x20,0x20,0x20,0x20,0x20,0x20,0x20,
    0x20,0x20,0x2010,0x20,0x333,0x2e,0x2e,0x2e,0x2e,0x2e,0x2e,0x20,
    0x2032,0x2032,0x2032,0x2032,0x2032,0x2035,0x2035,0x2035,0x2035,0x2035,0x21,0x21,
    0x20,0x305,0x3f,0x3f,0x3f,0x21,0x21,0x3f,0x2032,0x2032,0x2032,0x2032,
    0x20,0x30,0x69,0x34,0x35,0x36,0x37,0x38,0x39,0x2b,0x2212,0x3d,
    0x28,0x29,0x6e,0x30,0x31,0x32,0x33,0x34,0x35,0x36,0x37,0x38,
    0x39,0x2b,0x2212,0x3d,0x28,0x29,0x61,0x65,0x6f,0x78,0x259,0x68,
    0x6b,0x6c,0x6d,0x6e,0x70,0x73,0x74,0x52,0x73,0x61,0x2f,0x63,
    0x61,0x2f,0x73,0x43,0xb0,0x43,0x63,0x2f,0x6f,0x63,0x2f,0x75,
    0x190,0xb0,0x46,0x67,0x48,0x48,0x48,0x68,0x127,0x49,0x49,0x4c,
    0x6c,0x4e,0x4e,0x6f,0x50,0x51,0x52,0x52,0x52,0x53,0x4d,0x54,
    0x45,0x4c,0x54,0x4d,0x5a,0x3a9,0x5a,0x4b,0x41,0x30a,0x42,0x43,
    0x65,0x45,0x46,0x4d,0x6f,0x5d0,0x5d1,0x5d2,0x5d3,0x69,0x46,0x41,
    0x58,0x3c0,0x3b3,0x393,0x3a0,0x2211,0x44,0x64,0x65,0x69,0x6a,0x31,
    0x2044,0x37,0x31,0x2044,0x39,0x31,0x2044,0x31,0x30,0x31,0x2044,0x33,
    0x32,0x2044,0x33,0x31,0x2044,0x35,0x32,0x2044,0x35,0x33,0x2044,0x35,
    0x34,0x2044,0x35,0x31,0x2044,0x36,0x35,0x2044,0x36,0x31,0x2044,0x38,
    0x33,0x2044,0x38,0x35,0x2044,0x38,0x37,0x2044,0x38,0x31,0x2044,0x49,
    0x49,0x49,0x49,0x49,0x49,0x49,0x56,0x56,0x56,0x49,0x56,0x49,
    0x49,0x56,0x49,0x49,0x49,0x49,0x58,0x58,0x58,0x49,0x58,0x49,
    0x49,0x4c,0x43,0x44,0x4d,0x69,0x69,0x69,0x69,0x69,0x69,0x69,
    0x76,0x76,0x76,0x69,0x76,0x69,0x69,0x76,0x69,0x69,0x69,0x69,
    0x78,0x78,0x78,0x69,0x78,0x69,0x69,0x6c,0x63,0x64,0x6d,0x30,
    0x2044,0x33,0x2190,0x338,0x2192,0x338,0x2194,0x338,0x21d0,0x338,0x21d4,0x338,
    0x21d2,0x338,0x2203,0x338,0x2208,0x338,0x220b,0x338,0x2223,0x338,0x2225,0x338,
    0x222b,0x222b,0x222b,0x222b,0x222b,0x222e,0x222e,0x222e,0x222e,0x222e,0x223c,0x338,
    0x2243,0x338,0x2245,0x338,0x2248,0x338,0x3d,0x338,0x2261,0x338,0x224d,0x338,
    0x3c,0x338,0x3e,0x338,0x2264,0x338,0x2265,0x338,0x2272,0x338,0x2273,0x338,
    0x2276,0x338,0x2277,0x338,0x227a,0x338,0x227b,0x338,0x2282,0x338,0x2283,0x338,
    0x2286,0x338,0x2287,0x338,0x22a2,0x338,0x22a8,0x338,0x22a9,0x338,0x22ab,0x338,
    0x227c,0x338,0x227d,0x338,0x2291,0x338,0x2292,0x338,0x22b2,0x338,0x22b3,0x338,
    0x22b4,0x338,0x22b5,0x338,0x3008,0x3009,0x31,0x32,0x33,0x34,0x35,0x36,
    0x37,0x38,0x39,0x31,0x30,0x31,0x31,0x31,0x32,0x31,0x33,0x31,
    0x34,0x31,0x35,0x31,0x36,0x31,0x37,0x31,0x38,0x31,0x39,0x32,
    0x30,0x28,0x31,0x29,0x28,0x32,0x29,0x28,0x33,0x29,0x28,0x34,
    0x29,0x28,0x35,0x29,0x28,0x36,0x29,0x28,0x37,0x29,0x28,0x38,
    0x29,0x28,0x39,0x29,0x28,0x31,0x30,0x29,0x28,0x31,0x31,0x29,
    0x28,0x31,0x32,0x29,0x28,0x31,0x33,0x29,0x28,0x31,0x34,0x29,
    0x28,0x31,0x35,0x29,0x28,0x31,0x36,0x29,0x28,0x31,0x37,0x29,
    0x28,0x31,0x38,0x29,0x28,0x31,0x39,0x29,0x28,0x32,0x30,0x29,
    0x31,0x2e,0x32,0x2e,0x33,0x2e,0x34,0x2e,0x35,0x2e,0x36,0x2e,
    0x37,0x2e,0x38,0x2e,0x39,0x2e,0x31,0x30,0x2e,0x31,0x31,0x2e,
    0x31,0x32,0x2e,0x31,0x33,0x2e,0x31,0x34,0x2e,0x31,0x35,0x2e,
    0x31,0x36,0x2e,0x31,0x37,0x2e,0x31,0x38,0x2e,0x31,0x39,0x2e,
    0x32,0x30,0x2e,0x28,0x61,0x29,0x28,0x62,0x29,0x28,0x63,0x29,
    0x28,0x64,0x29,0x28,0x65,0x29,0x28,0x66,0x29,0x28,0x67,0x29,
    0x28,0x68,0x29,0x28,0x69,0x29,0x28,0x6a,0x29,0x28,0x6b,0x29,
    0x28,0x6c,0x29,0x28,0x6d,0x29,0x28,0x6e,0x29,0x28,0x6f,0x29,
    0x28,0x70,0x29,0x28,0x71,0x29,0x28,0x72,0x29,0x28,0x73,0x29,
    0x28,0x74,0x29,0x28,0x75,0x29,0x28,0x76,0x29,0x28,0x77,0x29,
    0x28,0x78,0x29,0x28,0x79,0x29,0x28,0x7a,0x29,0x41,0x42,0x43,
    0x44,0x45,0x46,0x47,0x48,0x49,0x4a,0x4b,0x4c,0x4d,0x4e,0x4f,
    0x50,0x51,0x52,0x53,0x54,0x55,0x56,0x57,0x58,0x59,0x5a,0x61,
    0x62,0x63,0x64,0x65,0x66,0x67,0x68,0x69,0x6a,0x6b,0x6c,0x6d,
    0x6e,0x6f,0x70,0x71,0x72,0x73,0x74,0x75,0x76,0x77,0x78,0x79,
    0x7a,0x30,0x222b,0x222b,0x222b,0x222b,0x3a,0x3a,0x3d,0x3d,0x3d,0x3d,
    0x3d,0x3d,0x2add,0x338,0x6a,0x56,0x2d61,0x6bcd,0x9f9f,0x4e00,0x4e28,0x4e36,
    0x4e3f,0x4e59,0x4e85,0x4e8c,0x4ea0,0x4eba,0x513f,0x5165,0x516b,0x5182,0x5196,0x51ab,
    0x51e0,0x51f5,0x5200,0x529b,0x52f9,0x5315,0x531a,0x5338,0x5341,0x535c,0x5369,0x5382,
    0x53b6,0x53c8,0x53e3,0x56d7,0x571f,0x58eb,0x5902,0x590a,0x5915,0x5927,0x5973,0x5b50,
    0x5b80,0x5bf8,0x5c0f,0x5c22,0x5c38,0x5c6e,0x5c71,0x5ddb,0x5de5,0x5df1,0x5dfe,0x5e72,
    0x5e7a,0x5e7f,0x5ef4,0x5efe,0x5f0b,0x5f13,0x5f50,0x5f61,0x5f73,0x5fc3,0x6208,0x6236,
    0x624b,0x652f,0x6534,0x6587,0x6597,0x65a4,0x65b9,0x65e0,0x65e5,0x66f0,0x6708,0x6728,
    0x6b20,0x6b62,0x6b79,0x6bb3,0x6bcb,0x6bd4,0x6bdb,0x6c0f,0x6c14,0x6c34,0x706b,0x722a,
    0x7236,0x723b,0x723f,0x7247,0x7259,0x725b,0x72ac,0x7384,0x7389,0x74dc,0x74e6,0x7518,
    0x751f,0x7528,0x7530,0x758b,0x7592,0x7676,0x767d,0x76ae,0x76bf,0x76ee,0x77db,0x77e2,
    0x77f3,0x793a,0x79b8,0x79be,0x7a74,0x7acb,0x7af9,0x7c73,0x7cf8,0x7f36,0x7f51,0x7f8a,
    0x7fbd,0x8001,0x800c,0x8012,0x8033,0x807f,0x8089,0x81e3,0x81ea,0x81f3,0x81fc,0x820c,
    0x821b,0x821f,0x826e,0x8272,0x8278,0x864d,0x866b,0x8840,0x884c,0x8863,0x897e,0x898b,
    0x89d2,0x8a00,0x8c37,0x8c46,0x8c55,0x8c78,0x8c9d,0x8d64,0x8d70,0x8db3,0x8eab,0x8eca,
    0x8f9b,0x8fb0,0x8fb5,0x9091,0x9149,0x91c6,0x91cc,0x91d1,0x9577,0x9580,0x961c,0x96b6,
    0x96b9,0x96e8,0x9751,0x975e,0x9762,0x9769,0x97cb,0x97ed,0x97f3,0x9801,0x98a8,0x98db,
    0x98df,0x9996,0x9999,0x99ac,0x9aa8,0x9ad8,0x9adf,0x9b25,0x9b2f,0x9b32,0x9b3c,0x9b5a,
    0x9ce5,0x9e75,0x9e7f,0x9ea5,0x9ebb,0x9ec3,0x9ecd,0x9ed1,0x9ef9,0x9efd,0x9f0e,0x9f13,
    0x9f20,0x9f3b,0x9f4a,0x9f52,0x9f8d,0x9f9c,0x9fa0,0x20,0x3012,0x5341,0x5344,0x5345,
    0x304b,0x3099,0x304d,0x3099,0x304f,0x3099,0x3051,0x3099,0x3053,0x3099,0x3055,0x3099,
    0x3057,0x3099,0x3059,0x3099,0x305b,0x3099,0x305d,0x3099,0x305f,0x3099,0x3061,0x3099,
    0x3064,0x3099,0x3066,0x3099,0x3068,0x3099,0x306f,0x3099,0x306f,0x309a,0x3072,0x3099,
    0x3072,0x309a,0x3075,0x3099,0x3075,0x309a,0x3078,0x3099,0x3078,0x309a,0x307b,0x3099,
    0x307b,0x309a,0x3046,0x3099,0x20,0x3099,0x20,0x309a,0x309d,0x3099,0x3088,0x308a,
    0x30ab,0x3099,0x30ad,0x3099,0x30af,0x3099,0x30b1,0x3099,0x30b3,0x3099,0x30b5,0x3099,
    0x30b7,0x3099,0x30b9,0x3099,0x30bb,0x3099,0x30bd,0x3099,0x30bf,0x3099,0x30c1,0x3099,
    0x30c4,0x3099,0x30c6,0x3099,0x30c8,0x3099,0x30cf,0x3099,0x30cf,0x309a,0x30d2,0x3099,
    0x30d2,0x309a,0x30d5,0x3099,0x30d5,0x309a,0x30d8,0x3099,0x30d8,0x309a,0x30db,0x3099,
    0x30db,0x309a,0x30a6,0x3099,0x30ef,0x3099,0x30f0,0x3099,0x30f1,0x3099,0x30f2,0x3099,
    0x30fd,0x3099,0x30b3,0x30c8,0x1100,0x1101,0x11aa,0x1102,0x11ac,0x11ad,0x1103,0x1104,
    0x1105,0x11b0,0x11b1,0x11b2,0x11b3,0x11b4,0x11b5,0x111a,0x1106,0x1107,0x1108,0x1121,
    0x1109,0x110a,0x110b,0x110c,0x110d,0x110e,0x110f,0x1110,0x1111,0x1112,0x1161,0x1162,
    0x1163,0x1164,0x1165,0x1166,0x1167,0x1168,0x1169,0x116a,0x116b,0x116c,0x116d,0x116e,
    0x116f,0x1170,0x1171,0x1172,0x1173,0x1174,0x1175,0x1160,0x1114,0x1115,0x11c7,0x11c8,
    0x11cc,0x11ce,0x11d3,0x11d7,0x11d9,0x111c,0x11dd,0x11df,0x111d,0x111e,0x1120,0x1122,
    0x1123,0x1127,0x1129,0x112b,0x112c,0x112d,0x112e,0x112f,0x1132,0x1136,0x1140,0x1147,
    0x114c,0x11f1,0x11f2,0x1157,0x1158,0x1159,0x1184,0x1185,0x1188,0x1191,0x1192,0x1194,
    0x119e,0x11a1,0x4e00,0x4e8c,0x4e09,0x56db,0x4e0a,0x4e2d,0x4e0b,0x7532,0x4e59,0x4e19,
    0x4e01,0x5929,0x5730,0x4eba,0x28,0x1100,0x29,0x28,0x1102,0x29,0x28,0x1103,
    0x29,0x28,0x1105,0x29,0x28,0x1106,0x29,0x28,0x1107,0x29,0x28,0x1109,
    0x29,0x28,0x110b,0x29,0x28,0x110c,0x29,0x28,0x110e,0x29,0x28,0x110f,
    0x29,0x28,0x1110,0x29,0x28,0x1111,0x29,0x28,0x1112,0x29,0x28,0x1100,
    0x1161,0x29,0x28,0x1102,0x1161,0x29,0x28,0x1103,0x1161,0x29,0x28,0x1105,
    0x1161,0x29,0x28,0x1106,0x1161,0x29,0x28,0x1107,0x1161,0x29,0x28,0x1109,
    0x1161,0x29,0x28,0x110b,0x1161,0x29,0x28,0x110c,0x1161,0x29,0x28,0x110e,
    0x1161,0x29,0x28,0x110f,0x1161,0x29,0x28,0x1110,0x1161,0x29,0x28,0x1111,
    0x1161,0x29,0x28,0x1112,0x1161,0x29,0x28,0x110c,0x116e,0x29,0x28,0x110b,
    0x1169,0x110c,0x1165,0x11ab,0x29,0x28,0x110b,0x1169,0x1112,0x116e,0x29,0x28,
    0x4e00,0x29,0x28,0x4e8c,0x29,0x28,0x4e09,0x29,0x28,0x56db,0x29,0x28,
    0x4e94,0x29,0x28,0x516d,0x29,0x28,0x4e03,0x29,0x28,0x516b,0x29,0x28,
    0x4e5d,0x29,0x28,0x5341,0x29,0x28,0x6708,0x29,0x28,0x706b,0x29,0x28,
    0x6c34,0x29,0x28,0x6728,0x29,0x28,0x91d1,0x29,0x28,0x571f,0x29,0x28,
    0x65e5,0x29,0x28,0x682a,0x29,0x28,0x6709,0x29,0x28,0x793e,0x29,0x28,
    0x540d,0x29,0x28,0x7279,0x29,0x28,0x8ca1,0x29,0x28,0x795d,0x29,0x28,
    0x52b4,0x29,0x28,0x4ee3,0x29,0x28,0x547c,0x29,0x28,0x5b66,0x29,0x28,
    0x76e3,0x29,0x28,0x4f01,0x29,0x28,0x8cc7,0x29,0x28,0x5354,0x29,0x28,
    0x796d,0x29,0x28,0x4f11,0x29,0x28,0x81ea,0x29,0x28,0x81f3,0x29,0x554f,
    0x5e7c,0x6587,0x7b8f,0x50,0x54,0x45,0x32,0x31,0x32,0x32,0x32,0x33,
    0x32,0x34,0x32,0x35,0x32,0x36,0x32,0x37,0x32,0x38,0x32,0x39,
    0x33,0x30,0x33,0x31,0x33,0x32,0x33,0x33,0x33,0x34,0x33,0x35,
    0x1100,0x1102,0x1103,0x1105,0x1106,0x1107,0x1109,0x110b,0x110c,0x110e,0x110f,0x1110,
    0x1111,0x1112,0x1100,0x1161,0x1102,0x1161,0x1103,0x1161,0x1105,0x1161,0x1106,0x1161,
    0x1107,0x1161,0x1109,0x1161,0x110b,0x1161,0x110c,0x1161,0x110e,0x1161,0x110f,0x1161,
    0x1110,0x1161,0x1111,0x1161,0x1112,0x1161,0x110e,0x1161,0x11b7,0x1100,0x1169,0x110c,
    0x116e,0x110b,0x1174,0x110b,0x116e,0x4e00,0x4e8c,0x4e09,0x56db,0x4e94,0x516d,0x4e03,
    0x516b,0x4e5d,0x5341,0x6708,0x706b,0x6c34,0x6728,0x91d1,0x571f,0x65e5,0x682a,0x6709,
    0x793e,0x540d,0x7279,0x8ca1,0x795d,0x52b4,0x79d8,0x7537,0x5973,0x9069,0x512a,0x5370,
    0x6ce8,0x9805,0x4f11,0x5199,0x6b63,0x4e0a,0x4e2d,0x4e0b,0x5de6,0x53f3,0x533b,0x5b97,
    0x5b66,0x76e3,0x4f01,0x8cc7,0x5354,0x591c,0x33,0x36,0x33,0x37,0x33,0x38,
    0x33,0x39,0x34,0x30,0x34,0x31,0x34,0x32,0x34,0x33,0x34,0x34,
    0x34,0x35,0x34,0x36,0x34,0x37,0x34,0x38,0x34,0x39,0x35,0x30,
    0x31,0x6708,0x32,0x6708,0x33,0x6708,0x34,0x6708,0x35,0x6708,0x36,0x6708,
    0x37,0x6708,0x38,0x6708,0x39,0x6708,0x31,0x30,0x6708,0x31,0x31,0x6708,
    0x31,0x32,0x6708,0x48,0x67,0x65,0x72,0x67,0x65,0x56,0x4c,0x54,
    0x44,0x30a2,0x30a4,0x30a6,0x30a8,0x30aa,0x30ab,0x30ad,0x30af,0x30b1,0x30b3,0x30b5,
    0x30b7,0x30b9,0x30bb,0x30bd,0x30bf,0x30c1,0x30c4,0x30c6,0x30c8,0x30ca,0x30cb,0x30cc,
    0x30cd,0x30ce,0x30cf,0x30d2,0x30d5,0x30d8,0x30db,0x30de,0x30df,0x30e0,0x30e1,0x30e2,
    0x30e4,0x30e6,0x30e8,0x30e9,0x30ea,0x30eb,0x30ec,0x30ed,0x30ef,0x30f0,0x30f1,0x30f2,
    0x4ee4,0x548c,0x30a2,0x30cf,0x309a,0x30fc,0x30c8,0x30a2,0x30eb,0x30d5,0x30a1,0x30a2,
    0x30f3,0x30d8,0x309a,0x30a2,0x30a2,0x30fc,0x30eb,0x30a4,0x30cb,0x30f3,0x30af,0x3099,
    0x30a4,0x30f3,0x30c1,0x30a6,0x30a9,0x30f3,0x30a8,0x30b9,0x30af,0x30fc,0x30c8,0x3099,
    0x30a8,0x30fc,0x30ab,0x30fc,0x30aa,0x30f3,0x30b9,0x30aa,0x30fc,0x30e0,0x30ab,0x30a4,
    0x30ea,0x30ab,0x30e9,0x30c3,0x30c8,0x30ab,0x30ed,0x30ea,0x30fc,0x30ab,0x3099,0x30ed,
    0x30f3,0x30ab,0x3099,0x30f3,0x30de,0x30ad,0x3099,0x30ab,0x3099,0x30ad,0x3099,0x30cb,
    0x30fc,0x30ad,0x30e5,0x30ea,0x30fc,0x30ad,0x3099,0x30eb,0x30bf,0x3099,0x30fc,0x30ad,
    0x30ed,0x30ad,0x30ed,0x30af,0x3099,0x30e9,0x30e0,0x30ad,0x30ed,0x30e1,0x30fc,0x30c8,
    0x30eb,0x30ad,0x30ed,0x30ef,0x30c3,0x30c8,0x30af,0x3099,0x30e9,0x30e0,0x30af,0x3099,
    0x30e9,0x30e0,0x30c8,0x30f3,0x30af,0x30eb,0x30bb,0x3099,0x30a4,0x30ed,0x30af,0x30ed,
    0x30fc,0x30cd,0x30b1,0x30fc,0x30b9,0x30b3,0x30eb,0x30ca,0x30b3,0x30fc,0x30db,0x309a,
    0x30b5,0x30a4,0x30af,0x30eb,0x30b5,0x30f3,0x30c1,0x30fc,0x30e0,0x30b7,0x30ea,0x30f3,
    0x30af,0x3099,0x30bb,0x30f3,0x30c1,0x30bb,0x30f3,0x30c8,0x30bf,0x3099,0x30fc,0x30b9,
    0x30c6,0x3099,0x30b7,0x30c8,0x3099,0x30eb,0x30c8,0x30f3,0x30ca,0x30ce,0x30ce,0x30c3,
    0x30c8,0x30cf,0x30a4,0x30c4,0x30cf,0x309a,0x30fc,0x30bb,0x30f3,0x30c8,0x30cf,0x309a,
    0x30fc,0x30c4,0x30cf,0x3099,0x30fc,0x30ec,0x30eb,0x30d2,0x309a,0x30a2,0x30b9,0x30c8,
    0x30eb,0x30d2,0x309a,0x30af,0x30eb,0x30d2,0x309a,0x30b3,0x30d2,0x3099,0x30eb,0x30d5,
    0x30a1,0x30e9,0x30c3,0x30c8,0x3099,0x30d5,0x30a3,0x30fc,0x30c8,0x30d5,0x3099,0x30c3,
    0x30b7,0x30a7,0x30eb,0x30d5,0x30e9,0x30f3,0x30d8,0x30af,0x30bf,0x30fc,0x30eb,0x30d8,
    0x309a,0x30bd,0x30d8,0x309a,0x30cb,0x30d2,0x30d8,0x30eb,0x30c4,0x30d8,0x309a,0x30f3,
    0x30b9,0x30d8,0x309a,0x30fc,0x30b7,0x3099,0x30d8,0x3099,0x30fc,0x30bf,0x30db,0x309a,
    0x30a4,0x30f3,0x30c8,0x30db,0x3099,0x30eb,0x30c8,0x30db,0x30f3,0x30db,0x309a,0x30f3,
    0x30c8,0x3099,0x30db,0x30fc,0x30eb,0x30db,0x30fc,0x30f3,0x30de,0x30a4,0x30af,0x30ed,
    0x30de,0x30a4,0x30eb,0x30de,0x30c3,0x30cf,0x30de,0x30eb,0x30af,0x30de,0x30f3,0x30b7,
    0x30e7,0x30f3,0x30df,0x30af,0x30ed,0x30f3,0x30df,0x30ea,0x30df,0x30ea,0x30cf,0x3099,
    0x30fc,0x30eb,0x30e1,0x30ab,0x3099,0x30e1,0x30ab,0x3099,0x30c8,0x30f3,0x30e1,0x30fc,
    0x30c8,0x30eb,0x30e4,0x30fc,0x30c8,0x3099,0x30e4,0x30fc,0x30eb,0x30e6,0x30a2,0x30f3,
    0x30ea,0x30c3,0x30c8,0x30eb,0x30ea,0x30e9,0x30eb,0x30d2,0x309a,0x30fc,0x30eb,0x30fc,
    0x30d5,0x3099,0x30eb,0x30ec,0x30e0,0x30ec,0x30f3,0x30c8,0x30b1,0x3099,0x30f3,0x30ef,
    0x30c3,0x30c8,0x30,0x70b9,0x31,0x70b9,0x32,0x70b9,0x33,0x70b9,0x34,0x70b9,
    0x35,0x70b9,0x36,0x70b9,0x37,0x70b9,0x38,0x70b9,0x39,0x70b9,0x31,0x30,
    0x70b9,0x31,0x31,0x70b9,0x31,0x32,0x70b9,0x31,0x33,0x70b9,0x31,0x34,
    0x70b9,0x31,0x35,0x70b9,0x31,0x36,0x70b9,0x31,0x37,0x70b9,0x31,0x38,
    0x70b9,0x31,0x39,0x70b9,0x32,0x30,0x70b9,0x32,0x31,0x70b9,0x32,0x32,
    0x70b9,0x32,0x33,0x70b9,0x32,0x34,0x70b9,0x68,0x50,0x61,0x64,0x61,
    0x41,0x55,0x62,0x61,0x72,0x6f,0x56,0x70,0x63,0x64,0x6d,0x64,
    0x6d,0x32,0x64,0x6d,0x33,0x49,0x55,0x5e73,0x6210,0x662d,0x548c,0x5927,
    0x6b63,0x660e,0x6cbb,0x682a,0x5f0f,0x4f1a,0x793e,0x70,0x41,0x6e,0x41,0x3bc,
    0x41,0x6d,0x41,0x6b,0x41,0x4b,0x42,0x4d,0x42,0x47,0x42,0x63,
    0x61,0x6c,0x6b,0x63,0x61,0x6c,0x70,0x46,0x6e,0x46,0x3bc,0x46,
    0x3bc,0x67,0x6d,0x67,0x6b,0x67,0x48,0x7a,0x6b,0x48,0x7a,0x4d,
    0x48,0x7a,0x47,0x48,0x7a,0x54,0x48,0x7a,0x3bc,0x6c,0x6d,0x6c,
    0x64,0x6c,0x6b,0x6c,0x66,0x6d,0x6e,0x6d,0x3bc,0x6d,0x6d,0x6d,
    0x63,0x6d,0x6b,0x6d,0x6d,0x6d,0x32,0x63,0x6d,0x32,0x6d,0x32,
    0x6b,0x6d,0x32,0x6d,0x6d,0x33,0x63,0x6d,0x33,0x6d,0x33,0x6b,
    0x6d,0x33,0x6d,0x2215,0x73,0x6d,0x2215,0x73,0x32,0x50,0x61,0x6b,
    0x50,0x61,0x4d,0x50,0x61,0x47,0x50,0x61,0x72,0x61,0x64,0x72,
    0x61,0x64,0x2215,0x73,0x72,0x61,0x64,0x2215,0x73,0x32,0x70,0x73,
    0x6e,0x73,0x3bc,0x73,0x6d,0x73,0x70,0x56,0x6e,0x56,0x3bc,0x56,
    0x6d,0x56,0x6b,0x56,0x4d,0x56,0x70,0x57,0x6e,0x57,0x3bc,0x57,
    0x6d,0x57,0x6b,0x57,0x4d,0x57,0x6b,0x3a9,0x4d,0x3a9,0x61,0x2e,
    0x6d,0x2e,0x42,0x71,0x63,0x63,0x63,0x64,0x43,0x2215,0x6b,0x67,
    0x43,0x6f,0x2e,0x64,0x42,0x47,0x79,0x68,0x61,0x48,0x50,0x69,
    0x6e,0x4b,0x4b,0x4b,0x4d,0x6b,0x74,0x6c,0x6d,0x6c,0x6e,0x6c,
    0x6f,0x67,0x6c,0x78,0x6d,0x62,0x6d,0x69,0x6c,0x6d,0x6f,0x6c,
    0x50,0x48,0x70,0x2e,0x6d,0x2e,0x50,0x50,0x4d,0x50,0x52,0x73,
    0x72,0x53,0x76,0x57,0x62,0x56,0x2215,0x6d,0x41,0x2215,0x6d,0x31,
    0x65e5,0x32,0x65e5,0x33,0x65e5,0x34,0x65e5,0x35,0x65e5,0x36,0x65e5,0x37,
    0x65e5,0x38,0x65e5,0x39,0x65e5,0x31,0x30,0x65e5,0x31,0x31,0x65e5,0x31,
    0x32,0x65e5,0x31,0x33,0x65e5,0x31,0x34,0x65e5,0x31,0x35,0x65e5,0x31,
    0x36,0x65e5,0x31,0x37,0x65e5,0x31,0x38,0x65e5,0x31,0x39,0x65e5,0x32,
    0x30,0x65e5,0x32,0x31,0x65e5,0x32,0x32,0x65e5,0x32,0x33,0x65e5,0x32,
    0x34,0x65e5,0x32,0x35,0x65e5,0x32,0x36,0x65e5,0x32,0x37,0x65e5,0x32,
    0x38,0x65e5,0x32,0x39,0x65e5,0x33,0x30,0x65e5,0x33,0x31,0x65e5,0x67,
    0x61,0x6c,0x44a,0x44c,0xa76f,0x43,0x46,0x51,0x126,0x153,0xa727,0xab37,
    0x26b,0xab52,0x28d,0x8c48,0x66f4,0x8eca,0x8cc8,0x6ed1,0x4e32,0x53e5,0x9f9c,0x9f9c,
    0x5951,0x91d1,0x5587,0x5948,0x61f6,0x7669,0x7f85,0x863f,0x87ba,0x88f8,0x908f,0x6a02,
    0x6d1b,0x70d9,0x73de,0x843d,0x916a,0x99f1,0x4e82,0x5375,0x6b04,0x721b,0x862d,0x9e1e,
    0x5d50,0x6feb,0x85cd,0x8964,0x62c9,0x81d8,0x881f,0x5eca,0x6717,0x6d6a,0x72fc,0x90ce,
    0x4f86,0x51b7,0x52de,0x64c4,0x6ad3,0x7210,0x76e7,0x8001,0x8606,0x865c,0x8def,0x9732,
    0x9b6f,0x9dfa,0x788c,0x797f,0x7da0,0x83c9,0x9304,0x9e7f,0x8ad6,0x58df,0x5f04,0x7c60,
    0x807e,0x7262,0x78ca,0x8cc2,0x96f7,0x58d8,0x5c62,0x6a13,0x6dda,0x6f0f,0x7d2f,0x7e37,
    0x964b,0x52d2,0x808b,0x51dc,0x51cc,0x7a1c,0x7dbe,0x83f1,0x9675,0x8b80,0x62cf,0x6a02,
    0x8afe,0x4e39,0x5be7,0x6012,0x7387,0x7570,0x5317,0x78fb,0x4fbf,0x5fa9,0x4e0d,0x6ccc,
    0x6578,0x7d22,0x53c3,0x585e,0x7701,0x8449,0x8aaa,0x6bba,0x8fb0,0x6c88,0x62fe,0x82e5,
    0x63a0,0x7565,0x4eae,0x5169,0x51c9,0x6881,0x7ce7,0x826f,0x8ad2,0x91cf,0x52f5,0x5442,
    0x5973,0x5eec,0x65c5,0x6ffe,0x792a,0x95ad,0x9a6a,0x9e97,0x9ece,0x529b,0x66c6,0x6b77,
    0x8f62,0x5e74,0x6190,0x6200,0x649a,0x6f23,0x7149,0x7489,0x79ca,0x7df4,0x806f,0x8f26,
    0x84ee,0x9023,0x934a,0x5217,0x52a3,0x54bd,0x70c8,0x88c2,0x8aaa,0x5ec9,0x5ff5,0x637b,
    0x6bae,0x7c3e,0x7375,0x4ee4,0x56f9,0x5be7,0x5dba,0x601c,0x73b2,0x7469,0x7f9a,0x8046,
    0x9234,0x96f6,0x9748,0x9818,0x4f8b,0x79ae,0x91b4,0x96b8,0x60e1,0x4e86,0x50da,0x5bee,
    0x5c3f,0x6599,0x6a02,0x71ce,0x7642,0x84fc,0x907c,0x9f8d,0x6688,0x962e,0x5289,0x677b,
    0x67f3,0x6d41,0x6e9c,0x7409,0x7559,0x786b,0x7d10,0x985e,0x516d,0x622e,0x9678,0x502b,
    0x5d19,0x6dea,0x8f2a,0x5f8b,0x6144,0x6817,0x7387,0x9686,0x5229,0x540f,0x5c65,0x6613,
    0x674e,0x68a8,0x6ce5,0x7406,0x75e2,0x7f79,0x88cf,0x88e1,0x91cc,0x96e2,0x533f,0x6eba,
    0x541d,0x71d0,0x7498,0x85fa,0x96a3,0x9c57,0x9e9f,0x6797,0x6dcb,0x81e8,0x7acb,0x7b20,
    0x7c92,0x72c0,0x7099,0x8b58,0x4ec0,0x8336,0x523a,0x5207,0x5ea6,0x62d3,0x7cd6,0x5b85,
    0x6d1e,0x66b4,0x8f3b,0x884c,0x964d,0x898b,0x5ed3,0x5140,0x55c0,0x585a,0x6674,0x51de,
    0x732a,0x76ca,0x793c,0x795e,0x7965,0x798f,0x9756,0x7cbe,0x7fbd,0x8612,0x8af8,0x9038,
    0x90fd,0x98ef,0x98fc,0x9928,0x9db4,0x90de,0x96b7,0x4fae,0x50e7,0x514d,0x52c9,0x52e4,
    0x5351,0x559d,0x5606,0x5668,0x5840,0x58a8,0x5c64,0x5c6e,0x6094,0x6168,0x618e,0x61f2,
    0x654f,0x65e2,0x6691,0x6885,0x6d77,0x6e1a,0x6f22,0x716e,0x722b,0x7422,0x7891,0x793e,
    0x7949,0x7948,0x7950,0x7956,0x795d,0x798d,0x798e,0x7a40,0x7a81,0x7bc0,0x7df4,0x7e09,
    0x7e41,0x7f72,0x8005,0x81ed,0x8279,0x8279,0x8457,0x8910,0x8996,0x8b01,0x8b39,0x8cd3,
    0x8d08,0x8fb6,0x9038,0x96e3,0x97ff,0x983b,0x6075,0x242ee,0x8218,0x4e26,0x51b5,0x5168,
    0x4f80,0x5145,0x5180,0x52c7,0x52fa,0x559d,0x5555,0x5599,0x55e2,0x585a,0x58b3,0x5944,
    0x5954,0x5a62,0x5b28,0x5ed2,0x5ed9,0x5f69,0x5fad,0x60d8,0x614e,0x6108,0x618e,0x6160,
    0x61f2,0x6234,0x63c4,0x641c,0x6452,0x6556,0x6674,0x6717,0x671b,0x6756,0x6b79,0x6bba,
    0x6d41,0x6edb,0x6ecb,0x6f22,0x701e,0x716e,0x77a7,0x7235,0x72af,0x732a,0x7471,0x7506,
    0x753b,0x761d,0x761f,0x76ca,0x76db,0x76f4,0x774a,0x7740,0x78cc,0x7ab1,0x7bc0,0x7c7b,
    0x7d5b,0x7df4,0x7f3e,0x8005,0x8352,0x83ef,0x8779,0x8941,0x8986,0x8996,0x8abf,0x8af8,
    0x8acb,0x8b01,0x8afe,0x8aed,0x8b39,0x8b8a,0x8d08,0x8f38,0x9072,0x9199,0x9276,0x967c,
    0x96e3,0x9756,0x97db,0x97ff,0x980b,0x983b,0x9b12,0x9f9c,0x2284a,0x22844,0x233d5,0x3b9d,
    0x4018,0x4039,0x25249,0x25cd0,0x27ed3,0x9f43,0x9f8e,0x66,0x66,0x66,0x69,0x66,
    0x6c,0x66,0x66,0x69,0x66,0x66,0x6c,0x73,0x74,0x73,0x74,0x574,
    0x576,0x574,0x565,0x574,0x56b,0x57e,0x576,0x574,0x56d,0x5d9,0x5b4,0x5f2,
    0x5b7,0x5e2,0x5d0,0x5d3,0x5d4,0x5db,0x5dc,0x5dd,0x5e8,0x5ea,0x2b,0x5e9,
    0x5c1,0x5e9,0x5c2,0x5e9,0x5bc,0x5c1,0x5e9,0x5bc,0x5c2,0x5d0,0x5b7,0x5d0,
    0x5b8,0x5d0,0x5bc,0x5d1,0x5bc,0x5d2,0x5bc,0x5d3,0x5bc,0x5d4,0x5bc,0x5d5,
    0x5bc,0x5d6,0x5bc,0x5d8,0x5bc,0x5d9,0x5bc,0x5da,0x5bc,0x5db,0x5bc,0x5dc,
    0x5bc,0x5de,0x5bc,0x5e0,0x5bc,0x5e1,0x5bc,0x5e3,0x5bc,0x5e4,0x5bc,0x5e6,
    0x5bc,0x5e7,0x5bc,0x5e8,0x5bc,0x5e9,0x5bc,0x5ea,0x5bc,0x5d5,0x5b9,0x5d1,
    0x5bf,0x5db,0x5bf,0x5e4,0x5bf,0x5d0,0x5dc,0x671,0x671,0x67b,0x67b,0x67b,
    0x67b,0x67e,0x67e,0x67e,0x67e,0x680,0x680,0x680,0x680,0x67a,0x67a,0x67a,
    0x67a,0x67f,0x67f,0x67f,0x67f,0x679,0x679,0x679,0x679,0x6a4,0x6a4,0x6a4,
    0x6a4,0x6a6,0x6a6,0x6a6,0x6a6,0x684,0x684,0x684,0x684,0x683,0x683,0x683,
    0x683,0x686,0x686,0x686,0x686,0x687,0x687,0x687,0x687,0x68d,0x68d,0x68c,
    0x68c,0x68e,0x68e,0x688,0x688,0x698,0x698,0x691,0x691,0x6a9,0x6a9,0x6a9,
    0x6a9,0x6af,0x6af,0x6af,0x6af,0x6b3,0x6b3,0x6b3,0x6b3,0x6b1,0x6b1,0x6b1,
    0x6b1,0x6ba,0x6ba,0x6bb,0x6bb,0x6bb,0x6bb,0x6d5,0x654,0x6d5,0x654,0x6c1,
    0x6c1,0x6c1,0x6c1,0x6be,0x6be,0x6be,0x6be,0x6d2,0x6d2,0x6d2,0x654,0x6d2,
    0x654,0x6ad,0x6ad,0x6ad,0x6ad,0x6c7,0x6c7,0x6c6,0x6c6,0x6c8,0x6c8,0x6c7,
    0x674,0x6cb,0x6cb,0x6c5,0x6c5,0x6c9,0x6c9,0x6d0,0x6d0,0x6d0,0x6d0,0x649,
    0x649,0x64a,0x654,0x627,0x64a,0x654,0x627,0x64a,0x654,0x6d5,0x64a,0x654,
    0x6d5,0x64a,0x654,0x648,0x64a,0x654,0x648,0x64a,0x654,0x6c7,0x64a,0x654,
    0x6c7,0x64a,0x654,0x6c6,0x64a,0x654,0x6c6,0x64a,0x654,0x6c8,0x64a,0x654,
    0x6c8,0x64a,0x654,0x6d0,0x64a,0x654,0x6d0,0x64a,0x654,0x6d0,0x64a,0x654,
    0x649,0x64a,0x654,0x649,0x64a,0x654,0x649,0x6cc,0x6cc,0x6cc,0x6cc,0x64a,
    0x654,0x62c,0x64a,0x654,0x62d,0x64a,0x654,0x645,0x64a,0x654,0x649,0x64a,
    0x654,0x64a,0x628,0x62c,0x628,0x62d,0x628,0x62e,0x628,0x645,0x628,0x649,
    0x628,0x64a,0x62a,0x62c,0x62a,0x62d,0x62a,0x62e,0x62a,0x645,0x62a,0x649,
    0x62a,0x64a,0x62b,0x62c,0x62b,0x645,0x62b,0x649,0x62b,0x64a,0x62c,0x62d,
    0x62c,0x645,0x62d,0x62c,0x62d,0x645,0x62e,0x62c,0x62e,0x62d,0x62e,0x645,
    0x633,0x62c,0x633,0x62d,0x633,0x62e,0x633,0x645,0x635,0x62d,0x635,0x645,
    0x636,0x62c,0x636,0x62d,0x636,0x62e,0x636,0x645,0x637,0x62d,0x637,0x645,
    0x638,0x645,0x639,0x62c,0x639,0x645,0x63a,0x62c,0x63a,0x645,0x641,0x62c,
    0x641,0x62d,0x641,0x62e,0x641,0x645,0x641,0x649,0x641,0x64a,0x642,0x62d,
    0x642,0x645,0x642,0x649,0x642,0x64a,0x643,0x627,0x643,0x62c,0x643,0x62d,
    0x643,0x62e,0x643,0x644,0x643,0x645,0x643,0x649,0x643,0x64a,0x644,0x62c,
    0x644,0x62d,0x644,0x62e,0x644,0x645,0x644,0x649,0x644,0x64a,0x645,0x62c,
    0x645,0x62d,0x645,0x62e,0x645,0x645,0x645,0x649,0x645,0x64a,0x646,0x62c,
    0x646,0x62d,0x646,0x62e,0x646,0x645,0x646,0x649,0x646,0x64a,0x647,0x62c,
    0x647,0x645,0x647,0x649,0x647,0x64a,0x64a,0x62c,0x64a,0x62d,0x64a,0x62e,
    0x64a,0x645,0x64a,0x649,0x64a,0x64a,0x630,0x670,0x631,0x670,0x649,0x670,
    0x20,0x64c,0x651,0x20,0x64d,0x651,0x20,0x64e,0x651,0x20,0x64f,0x651,
    0x20,0x650,0x651,0x20,0x651,0x670,0x64a,0x654,0x631,0x64a,0x654,0x632,
    0x64a,0x654,0x645,0x64a,0x654,0x646,0x64a,0x654,0x649,0x64a,0x654,0x64a,
    0x628,0x631,0x628,0x632,0x628,0x645,0x628,0x646,0x628,0x649,0x628,0x64a,
    0x62a,0x631,0x62a,0x632,0x62a,0x645,0x62a,0x646,0x62a,0x649,0x62a,0x64a,
    0x62b,0x631,0x62b,0x632,0x62b,0x645,0x62b,0x646,0x62b,0x649,0x62b,0x64a,
    0x641,0x649,0x641,0x64a,0x642,0x649,0x642,0x64a,0x643,0x627,0x643,0x644,
    0x643,0x645,0x643,0x649,0x643,0x64a,0x644,0x645,0x644,0x649,0x644,0x64a,
    0x645,0x627,0x645,0x645,0x646,0x631,0x646,0x632,0x646,0x645,0x646,0x646,
    0x646,0x649,0x646,0x64a,0x649,0x670,0x64a,0x631,0x64a,0x632,0x64a,0x645,
    0x64a,0x646,0x64a,0x649,0x64a,0x64a,0x64a,0x654,0x62c,0x64a,0x654,0x62d,
    0x64a,0x654,0x62e,0x64a,0x654,0x645,0x64a,0x654,0x647,0x628,0x62c,0x628,
    0x62d,0x628,0x62e,0x628,0x645,0x628,0x647,0x62a,0x62c,0x62a,0x62d,0x62a,
    0x62e,0x62a,0x645,0x62a,0x647,0x62b,0x645,0x62c,0x62d,0x62c,0x645,0x62d,
    0x62c,0x62d,0x645,0x62e,0x62c,0x62e,0x645,0x633,0x62c,0x633,0x62d,0x633,
    0x62e,0x633,0x645,0x635,0x62d,0x635,0x62e,0x635,0x645,0x636,0x62c,0x636,
    0x62d,0x636,0x62e,0x636,0x645,0x637,0x62d,0x638,0x645,0x639,0x62c,0x639,
    0x645,0x63a,0x62c,0x63a,0x645,0x641,0x62c,0x641,0x62d,0x641,0x62e,0x641,
    0x645,0x642,0x62d,0x642,0x645,0x643,0x62c,0x643,0x62d,0x643,0x62e,0x643,
    0x644,0x643,0x645,0x644,0x62c,0x644,0x62d,0x644,0x62e,0x644,0x645,0x644,
    0x647,0x645,0x62c,0x645,0x62d,0x645,0x62e,0x645,0x645,0x646,0x62c,0x646,
    0x62d,0x646,0x62e,0x646,0x645,0x646,0x647,0x647,0x62c,0x647,0x645,0x647,
    0x670,0x64a,0x62c,0x64a,0x62d,0x64a,0x62e,0x64a,0x645,0x64a,0x647,0x64a,
    0x654,0x645,0x64a,0x654,0x647,0x628,0x645,0x628,0x647,0x62a,0x645,0x62a,
    0x647,0x62b,0x645,0x62b,0x647,0x633,0x645,0x633,0x647,0x634,0x645,0x634,
    0x647,0x643,0x644,0x643,0x645,0x644,0x645,0x646,0x645,0x646,0x647,0x64a,
    0x645,0x64a,0x647,0x640,0x64e,0x651,0x640,0x64f,0x651,0x640,0x650,0x651,
    0x637,0x649,0x637,0x64a,0x639,0x649,0x639,0x64a,0x63a,0x649,0x63a,0x64a,
    0x633,0x649,0x633,0x64a,0x634,0x649,0x634,0x64a,0x62d,0x649,0x62d,0x64a,
    0x62c,0x649,0x62c,0x64a,0x62e,0x649,0x62e,0x64a,0x635,0x649,0x635,0x64a,
    0x636,0x649,0x636,0x64a,0x634,0x62c,0x634,0x62d,0x634,0x62e,0x634,0x645,
    0x634,0x631,0x633,0x631,0x635,0x631,0x636,0x631,0x637,0x649,0x637,0x64a,
    0x639,0x649,0x639,0x64a,0x63a,0x649,0x63a,0x64a,0x633,0x649,0x633,0x64a,
    0x634,0x649,0x634,0x64a,0x62d,0x649,0x62d,0x64a,0x62c,0x649,0x62c,0x64a,
    0x62e,0x649,0x62e,0x64a,0x635,0x649,0x635,0x64a,0x636,0x649,0x636,0x64a,
    0x634,0x62c,0x634,0x62d,0x634,0x62e,0x634,0x645,0x634,0x631,0x633,0x631,
    0x635,0x631,0x636,0x631,0x634,0x62c,0x634,0x62d,0x634,0x62e,0x634,0x645,
    0x633,0x647,0x634,0x647,0x637,0x645,0x633,0x62c,0x633,0x62d,0x633,0x62e,
    0x634,0x62c,0x634,0x62d,0x634,0x62e,0x637,0x645,0x638,0x645,0x627,0x64b,
    0x627,0x64b,0x62a,0x62c,0x645,0x62a,0x62d,0x62c,0x62a,0x62d,0x62c,0x62a,
    0x62d,0x645,0x62a,0x62e,0x645,0x62a,0x645,0x62c,0x62a,0x645,0x62d,0x62a,
    0x645,0x62e,0x62c,0x645,0x62d,0x62c,0x645,0x62d,0x62d,0x645,0x64a,0x62d,
    0x645,0x649,0x633,0x62d,0x62c,0x633,0x62c,0x62d,0x633,0x62c,0x649,0x633,
    0x645,0x62d,0x633,0x645,0x62d,0x633,0x645,0x62c,0x633,0x645,0x645,0x633,
    0x645,0x645,0x635,0x62d,0x62d,0x635,0x62d,0x62d,0x635,0x645,0x645,0x634,
    0x62d,0x645,0x634,0x62d,0x645,0x634,0x62c,0x64a,0x634,0x645,0x62e,0x634,
    0x645,0x62e,0x634,0x645,0x645,0x634,0x645,0x645,0x636,0x62d,0x649,0x636,
    0x62e,0x645,0x636,0x62e,0x645,0x637,0x645,0x62d,0x637,0x645,0x62d,0x637,
    0x645,0x645,0x637,0x645,0x64a,0x639,0x62c,0x645,0x639,0x645,0x645,0x639,
    0x645,0x645,0x639,0x645,0x649,0x63a,0x645,0x645,0x63a,0x645,0x64a,0x63a,
    0x645,0x649,0x641,0x62e,0x645,0x641,0x62e,0x645,0x642,0x645,0x62d,0x642,
    0x645,0x645,0x644,0x62d,0x645,0x644,0x62d,0x64a,0x644,0x62d,0x649,0x644,
    0x62c,0x62c,0x644,0x62c,0x62c,0x644,0x62e,0x645,0x644,0x62e,0x645,0x644,
    0x645,0x62d,0x644,0x645,0x62d,0x645,0x62d,0x62c,0x645,0x62d,0x645,0x645,
    0x62d,0x64a,0x645,0x62c,0x62d,0x645,0x62c,0x645,0x645,0x62e,0x62c,0x645,
    0x62e,0x645,0x645,0x62c,0x62e,0x647,0x645,0x62c,0x647,0x645,0x645,0x646,
    0x62d,0x645,0x646,0x62d,0x649,0x646,0x62c,0x645,0x646,0x62c,0x645,0x646,
    0x62c,0x649,0x646,0x645,0x64a,0x646,0x645,0x649,0x64a,0x645,0x645,0x64a,
    0x645,0x645,0x628,0x62e,0x64a,0x62a,0x62c,0x64a,0x62a,0x62c,0x649,0x62a,
    0x62e,0x64a,0x62a,0x62e,0x649,0x62a,0x645,0x64a,0x62a,0x645,0x649,0x62c,
    0x645,0x64a,0x62c,0x62d,0x649,0x62c,0x645,0x649,0x633,0x62e,0x649,0x635,
    0x62d,0x64a,0x634,0x62d,0x64a,0x636,0x62d,0x64a,0x644,0x62c,0x64a,0x644,
    0x645,0x64a,0x64a,0x62d,0x64a,0x64a,0x62c,0x64a,0x64a,0x645,0x64a,0x645,
    0x645,0x64a,0x642,0x645,0x64a,0x646,0x62d,0x64a,0x642,0x645,0x62d,0x644,
    0x62d,0x645,0x639,0x645,0x64a,0x643,0x645,0x64a,0x646,0x62c,0x62d,0x645,
    0x62e,0x64a,0x644,0x62c,0x645,0x643,0x645,0x645,0x644,0x62c,0x645,0x646,
    0x62c,0x62d,0x62c,0x62d,0x64a,0x62d,0x62c,0x64a,0x645,0x62c,0x64a,0x641,
    0x645,0x64a,0x628,0x62d,0x64a,0x643,0x645,0x645,0x639,0x62c,0x645,0x635,
    0x645,0x645,0x633,0x62e,0x64a,0x646,0x62c,0x64a,0x635,0x644,0x6d2,0x642,
    0x644,0x6d2,0x627,0x644,0x644,0x647,0x627,0x643,0x628,0x631,0x645,0x62d,
    0x645,0x62f,0x635,0x644,0x639,0x645,0x631,0x633,0x648,0x644,0x639,0x644,
    0x64a,0x647,0x648,0x633,0x644,0x645,0x635,0x644,0x649,0x635,0x644,0x649,
    0x20,0x627,0x644,0x644,0x647,0x20,0x639,0x644,0x64a,0x647,0x20,0x648,
    0x633,0x644,0x645,0x62c,0x644,0x20,0x62c,0x644,0x627,0x644,0x647,0x631,
    0x6cc,0x627,0x644,0x2c,0x3001,0x3002,0x3a,0x3b,0x21,0x3f,0x3016,0x3017,
    0x2e,0x2e,0x2e,0x2e,0x2e,0x2014,0x2013,0x5f,0x5f,0x28,0x29,0x7b,
    0x7d,0x3014,0x3015,0x3010,0x3011,0x300a,0x300b,0x3008,0x3009,0x300c,0x300d,0x300e,
    0x300f,0x5b,0x5d,0x20,0x305,0x20,0x305,0x20,0x305,0x20,0x305,0x5f,
    0x5f,0x5f,0x2c,0x3001,0x2e,0x3b,0x3a,0x3f,0x21,0x2014,0x28,0x29,
    0x7b,0x7d,0x3014,0x3015,0x23,0x26,0x2a,0x2b,0x2d,0x3c,0x3e,0x3d,
    0x5c,0x24,0x25,0x40,0x20,0x64b,0x640,0x64b,0x20,0x64c,0x20,0x64d,
    0x20,0x64e,0x640,0x64e,0x20,0x64f,0x640,0x64f,0x20,0x650,0x640,0x650,
    0x20,0x651,0x640,0x651,0x20,0x652,0x640,0x652,0x621,0x627,0x653,0x627,
    0x653,0x627,0x654,0x627,0x654,0x648,0x654,0x648,0x654,0x627,0x655,0x627,
    0x655,0x64a,0x654,0x64a,0x654,0x64a,0x654,0x64a,0x654,0x627,0x627,0x628,
    0x628,0x628,0x628,0x629,0x629,0x62a,0x62a,0x62a,0x62a,0x62b,0x62b,0x62b,
    0x62b,0x62c,0x62c,0x62c,0x62c,0x62d,0x62d,0x62d,0x62d,0x62e,0x62e,0x62e,
    0x62e,0x62f,0x62f,0x630,0x630,0x631,0x631,0x632,0x632,0x633,0x633,0x633,
    0x633,0x634,0x634,0x634,0x634,0x635,0x635,0x635,0x635,0x636,0x636,0x636,
    0x636,0x637,0x637,0x637,0x637,0x638,0x638,0x638,0x638,0x639,0x639,0x639,
    0x639,0x63a,0x63a,0x63a,0x63a,0x641,0x641,0x641,0x641,0x642,0x642,0x642,
    0x642,0x643,0x643,0x643,0x643,0x644,0x644,0x644,0x644,0x645,0x645,0x645,
    0x645,0x646,0x646,0x646,0x646,0x647,0x647,0x647,0x647,0x648,0x648,0x649,
    0x649,0x64a,0x64a,0x64a,0x64a,0x644,0x627,0x653,0x644,0x627,0x653,0x644,
    0x627,0x654,0x644,0x627,0x654,0x644,0x627,0x655,0x644,0x627,0x655,0x644,
    0x627,0x644,0x627,0x21,0x22,0x23,0x24,0x25,0x26,0x27,0x28,0x29,
    0x2a,0x2b,0x2c,0x2d,0x2e,0x2f,0x30,0x31,0x32,0x33,0x34,0x35,
    0x36,0x37,0x38,0x39,0x3a,0x3b,0x3c,0x3d,0x3e,0x3f,0x40,0x41,
    0x42,0x43,0x44,0x45,0x46,0x47,0x48,0x49,0x4a,0x4b,0x4c,0x4d,
    0x4e,0x4f,0x50,0x51,0x52,0x53,0x54,0x55,0x56,0x57,0x58,0x59,
    0x5a,0x5b,0x5c,0x5d,0x5e,0x5f,0x60,0x61,0x62,0x63,0x64,0x65,
    0x66,0x67,0x68,0x69,0x6a,0x6b,0x6c,0x6d,0x6e,0x6f,0x70,0x71,
    0x72,0x73,0x74,0x75,0x76,0x77,0x78,0x79,0x7a,0x7b,0x7c,0x7d,
    0x7e,0x2985,0x2986,0x3002,0x300c,0x300d,0x3001,0x30fb,0x30f2,0x30a1,0x30a3,0x30a5,
    0x30a7,0x30a9,0x30e3,0x30e5,0x30e7,0x30c3,0x30fc,0x30a2,0x30a4,0x30a6,0x30a8,0x30aa,
    0x30ab,0x30ad,0x30af,0x30b1,0x30b3,0x30b5,0x30b7,0x30b9,0x30bb,0x30bd,0x30bf,0x30c1,
    0x30c4,0x30c6,0x30c8,0x30ca,0x30cb,0x30cc,0x30cd,0x30ce,0x30cf,0x30d2,0x30d5,0x30d8,
    0x30db,0x30de,0x30df,0x30e0,0x30e1,0x30e2,0x30e4,0x30e6,0x30e8,0x30e9,0x30ea,0x30eb,
    0x30ec,0x30ed,0x30ef,0x30f3,0x3099,0x309a,0x1160,0x1100,0x1101,0x11aa,0x1102,0x11ac,
    0x11ad,0x1103,0x1104,0x1105,0x11b0,0x11b1,0x11b2,0x11b3,0x11b4,0x11b5,0x111a,0x1106,
    0x1107,0x1108,0x1121,0x1109,0x110a,0x110b,0x110c,0x110d,0x110e,0x110f,0x1110,0x1111,
    0x1112,0x1161,0x1162,0x1163,0x1164,0x1165,0x1166,0x1167,0x1168,0x1169,0x116a,0x116b,
    0x116c,0x116d,0x116e,0x116f,0x1170,0x1171,0x1172,0x1173,0x1174,0x1175,0xa2,0xa3,
    0xac,0x20,0x304,0xa6,0xa5,0x20a9,0x2502,0x2190,0x2191,0x2192,0x2193,0x25a0,
    0x25cb,0x2d0,0x2d1,0xe6,0x299,0x253,0x2a3,0xab66,0x2a5,0x2a4,0x256,0x257,
    0x1d91,0x258,0x25e,0x2a9,0x264,0x262,0x260,0x29b,0x127,0x29c,0x267,0x284,
    0x2aa,0x2ab,0x26c,0x1df04,0xa78e,0x26e,0x1df05,0x28e,0x1df06,0xf8,0x276,0x277,
    0x71,0x27a,0x1df08,0x27d,0x27e,0x280,0x2a8,0x2a6,0xab67,0x2a7,0x288,0x2c71,
    0x28f,0x2a1,0x2a2,0x298,0x1c0,0x1c1,0x1c2,0x1df0a,0x1df1e,0x11099,0x110ba,0x1109b,
    0x110ba,0x110a5,0x110ba,0x11131,0x11127,0x11132,0x11127,0x11347,0x1133e,0x11347,0x11357,0x114b9,
    0x114ba,0x114b9,0x114b0,0x114b9,0x114bd,0x115b8,0x115af,0x115b9,0x115af,0x11935,0x11930,0x1d157,
    0x1d165,0x1d158,0x1d165,0x1d158,0x1d165,0x1d16e,0x1d158,0x1d165,0x1d16f,0x1d158,0x1d165,0x1d170,
    0x1d158,0x1d165,0x1d171,0x1d158,0x1d165,0x1d172,0x1d1b9,0x1d165,0x1d1ba,0x1d165,0x1d1b9,0x1d165,
    0x1d16e,0x1d1ba,0x1d165,0x1d16e,0x1d1b9,0x1d165,0x1d16f,0x1d1ba,0x1d165,0x1d16f,0x41,0x42,
    0x43,0x44,0x45,0x46,0x47,0x48,0x49,0x4a,0x4b,0x4c,0x4d,0x4e,
    0x4f,0x50,0x51,0x52,0x53,0x54,0x55,0x56,0x57,0x58,0x59,0x5a,
    0x61,0x62,0x63,0x64,0x65,0x66,0x67,0x68,0x69,0x6a,0x6b,0x6c,
    0x6d,0x6e,0x6f,0x70,0x71,0x72,0x73,0x74,0x75,0x76,0x77,0x78,
    0x79,0x7a,0x41,0x42,0x43,0x44,0x45,0x46,0x47,0x48,0x49,0x4a,
    0x4b,0x4c,0x4d,0x4e,0x4f,0x50,0x51,0x52,0x53,0x54,0x55,0x56,
    0x57,0x58,0x59,0x5a,0x61,0x62,0x63,0x64,0x65,0x66,0x67,0x69,
    0x6a,0x6b,0x6c,0x6d,0x6e,0x6f,0x70,0x71,0x72,0x73,0x74,0x75,
    0x76,0x77,0x78,0x79,0x7a,0x41,0x42,0x43,0x44,0x45,0x46,0x47,
    0x48,0x49,0x4a,0x4b,0x4c,0x4d,0x4e,0x4f,0x50,0x51,0x52,0x53,
    0x54,0x55,0x56,0x57,0x58,0x59,0x5a,0x61,0x62,0x63,0x64,0x65,
    0x66,0x67,0x68,0x69,0x6a,0x6b,0x6c,0x6d,0x6e,0x6f,0x70,0x71,
    0x72,0x73,0x74,0x75,0x76,0x77,0x78,0x79,0x7a,0x41,0x43,0x44,
    0x47,0x4a,0x4b,0x4e,0x4f,0x50,0x51,0x53,0x54,0x55,0x56,0x57,
    0x58,0x59,0x5a,0x61,0x62,0x63,0x64,0x66,0x68,0x69,0x6a,0x6b,
    0x6c,0x6d,0x6e,0x70,0x71,0x72,0x73,0x74,0x75,0x76,0x77,0x78,
    0x79,0x7a,0x41,0x42,0x43,0x44,0x45,0x46,0x47,0x48,0x49,0x4a,
    0x4b,0x4c,0x4d,0x4e,0x4f,0x50,0x51,0x52,0x53,0x54,0x55,0x56,
    0x57,0x58,0x59,0x5a,0x61,0x62,0x63,0x64,0x65,0x66,0x67,0x68,
    0x69,0x6a,0x6b,0x6c,0x6d,0x6e,0x6f,0x70,0x71,0x72,0x73,0x74,
    0x75,0x76,0x77,0x78,0x79,0x7a,0x41,0x42,0x44,0x45,0x46,0x47,
    0x4a,0x4b,0x4c,0x4d,0x4e,0x4f,0x50,0x51,0x53,0x54,0x55,0x56,
    0x57,0x58,0x59,0x61,0x62,0x63,0x64,0x65,0x66,0x67,0x68,0x69,
    0x6a,0x6b,0x6c,0x6d,0x6e,0x6f,0x70,0x71,0x72,0x73,0x74,0x75,
    0x76,0x77,0x78,0x79,0x7a,0x41,0x42,0x44,0x45,0x46,0x47,0x49,
    0x4a,0x4b,0x4c,0x4d,0x4f,0x53,0x54,0x55,0x56,0x57,0x58,0x59,
    0x61,0x62,0x63,0x64,0x65,0x66,0x67,0x68,0x69,0x6a,0x6b,0x6c,
    0x6d,0x6e,0x6f,0x70,0x71,0x72,0x73,0x74,0x75,0x76,0x77,0x78,
    0x79,0x7a,0x41,0x42,0x43,0x44,0x45,0x46,0x47,0x48,0x49,0x4a,
    0x4b,0x4c,0x4d,0x4e,0x4f,0x50,0x51,0x52,0x53,0x54,0x55,0x56,
    0x57,0x58,0x59,0x5a,0x61,0x62,0x63,0x64,0x65,0x66,0x67,0x68,
    0x69,0x6a,0x6b,0x6c,0x6d,0x6e,0x6f,0x70,0x71,0x72,0x73,0x74,
    0x75,0x76,0x77,0x78,0x79,0x7a,0x41,0x42,0x43,0x44,0x45,0x46,
    0x47,0x48,0x49,0x4a,0x4b,0x4c,0x4d,0x4e,0x4f,0x50,0x51,0x52,
    0x53,0x54,0x55,0x56,0x57,0x58,0x59,0x5a,0x61,0x62,0x63,0x64,
    0x65,0x66,0x67,0x68,0x69,0x6a,0x6b,0x6c,0x6d,0x6e,0x6f,0x70,
    0x71,0x72,0x73,0x74,0x75,0x76,0x77,0x78,0x79,0x7a,0x41,0x42,
    0x43,0x44,0x45,0x46,0x47,0x48,0x49,0x4a,0x4b,0x4c,0x4d,0x4e,
    0x4f,0x50,0x51,0x52,0x53,0x54,0x55,0x56,0x57,0x58,0x59,0x5a,
    0x61,0x62,0x63,0x64,0x65,0x66,0x67,0x68,0x69,0x6a,0x6b,0x6c,
    0x6d,0x6e,0x6f,0x70,0x71,0x72,0x73,0x74,0x75,0x76,0x77,0x78,
    0x79,0x7a,0x41,0x42,0x43,0x44,0x45,0x46,0x47,0x48,0x49,0x4a,
    0x4b,0x4c,0x4d,0x4e,0x4f,0x50,0x51,0x52,0x53,0x54,0x55,0x56,
    0x57,0x58,0x59,0x5a,0x61,0x62,0x63,0x64,0x65,0x66,0x67,0x68,
    0x69,0x6a,0x6b,0x6c,0x6d,0x6e,0x6f,0x70,0x71,0x72,0x73,0x74,
    0x75,0x76,0x77,0x78,0x79,0x7a,0x41,0x42,0x43,0x44,0x45,0x46,
    0x47,0x48,0x49,0x4a,0x4b,0x4c,0x4d,0x4e,0x4f,0x50,0x51,0x52,
    0x53,0x54,0x55,0x56,0x57,0x58,0x59,0x5a,0x61,0x62,0x63,0x64,
    0x65,0x66,0x67,0x68,0x69,0x6a,0x6b,0x6c,0x6d,0x6e,0x6f,0x70,
    0x71,0x72,0x73,0x74,0x75,0x76,0x77,0x78,0x79,0x7a,0x41,0x42,
    0x43,0x44,0x45,0x46,0x47,0x48,0x49,0x4a,0x4b,0x4c,0x4d,0x4e,
    0x4f,0x50,0x51,0x52,0x53,0x54,0x55,0x56,0x57,0x58,0x59,0x5a,
    0x61,0x62,0x63,0x64,0x65,0x66,0x67,0x68,0x69,0x6a,0x6b,0x6c,
    0x6d,0x6e,0x6f,0x70,0x71,0x72,0x73,0x74,0x75,0x76,0x77,0x78,
    0x79,0x7a,0x131,0x237,0x391,0x392,0x393,0x394,0x395,0x396,0x397,0x398,
    0x399,0x39a,0x39b,0x39c,0x39d,0x39e,0x39f,0x3a0,0x3a1,0x398,0x3a3,0x3a4,
    0x3a5,0x3a6,0x3a7,0x3a8,0x3a9,0x2207,0x3b1,0x3b2,0x3b3,0x3b4,0x3b5,0x3b6,
    0x3b7,0x3b8,0x3b9,0x3ba,0x3bb,0x3bc,0x3bd,0x3be,0x3bf,0x3c0,0x3c1,0x3c2,
    0x3c3,0x3c4,0x3c5,0x3c6,0x3c7,0x3c8,0x3c9,0x2202,0x3b5,0x3b8,0x3ba,0x3c6,
    0x3c1,0x3c0,0x391,0x392,0x393,0x394,0x395,0x396,0x397,0x398,0x399,0x39a,
    0x39b,0x39c,0x39d,0x39e,0x39f,0x3a0,0x3a1,0x398,0x3a3,0x3a4,0x3a5,0x3a6,
    0x3a7,0x3a8,0x3a9,0x2207,0x3b1,0x3b2,0x3b3,0x3b4,0x3b5,0x3b6,0x3b7,0x3b8,
    0x3b9,0x3ba,0x3bb,0x3bc,0x3bd,0x3be,0x3bf,0x3c0,0x3c1,0x3c2,0x3c3,0x3c4,
    0x3c5,0x3c6,0x3c7,0x3c8,0x3c9,0x2202,0x3b5,0x3b8,0x3ba,0x3c6,0x3c1,0x3c0,
    0x391,0x392,0x393,0x394,0x395,0x396,0x397,0x398,0x399,0x39a,0x39b,0x39c,
    0x39d,0x39e,0x39f,0x3a0,0x3a1,0x398,0x3a3,0x3a4,0x3a5,0x3a6,0x3a7,0x3a8,
    0x3a9,0x2207,0x3b1,0x3b2,0x3b3,0x3b4,0x3b5,0x3b6,0x3b7,0x3b8,0x3b9,0x3ba,
    0x3bb,0x3bc,0x3bd,0x3be,0x3bf,0x3c0,0x3c1,0x3c2,0x3c3,0x3c4,0x3c5,0x3c6,
    0x3c7,0x3c8,0x3c9,0x2202,0x3b5,0x3b8,0x3ba,0x3c6,0x3c1,0x3c0,0x391,0x392,
    0x393,0x394,0x395,0x396,0x397,0x398,0x399,0x39a,0x39b,0x39c,0x39d,0x39e,
    0x39f,0x3a0,0x3a1,0x398,0x3a3,0x3a4,0x3a5,0x3a6,0x3a7,0x3a8,0x3a9,0x2207,
    0x3b1,0x3b2,0x3b3,0x3b4,0x3b5,0x3b6,0x3b7,0x3b8,0x3b9,0x3ba,0x3bb,0x3bc,
    0x3bd,0x3be,0x3bf,0x3c0,0x3c1,0x3c2,0x3c3,0x3c4,0x3c5,0x3c6,0x3c7,0x3c8,
    0x3c9,0x2202,0x3b5,0x3b8,0x3ba,0x3c6,0x3c1,0x3c0,0x391,0x392,0x393,0x394,
    0x395,0x396,0x397,0x398,0x399,0x39a,0x39b,0x39c,0x39d,0x39e,0x39f,0x3a0,
    0x3a1,0x398,0x3a3,0x3a4,0x3a5,0x3a6,0x3a7,0x3a8,0x3a9,0x2207,0x3b1,0x3b2,
    0x3b3,0x3b4,0x3b5,0x3b6,0x3b7,0x3b8,0x3b9,0x3ba,0x3bb,0x3bc,0x3bd,0x3be,
    0x3bf,0x3c0,0x3c1,0x3c2,0x3c3,0x3c4,0x3c5,0x3c6,0x3c7,0x3c8,0x3c9,0x2202,
    0x3b5,0x3b8,0x3ba,0x3c6,0x3c1,0x3c0,0x3dc,0x3dd,0x30,0x31,0x32,0x33,
    0x34,0x35,0x36,0x37,0x38,0x39,0x30,0x31,0x32,0x33,0x34,0x35,
    0x36,0x37,0x38,0x39,0x30,0x31,0x32,0x33,0x34,0x35,0x36,0x37,
    0x38,0x39,0x30,0x31,0x32,0x33,0x34,0x35,0x36,0x37,0x38,0x39,
    0x30,0x31,0x32,0x33,0x34,0x35,0x36,0x37,0x38,0x39,0x627,0x628,
    0x62c,0x62f,0x648,0x632,0x62d,0x637,0x64a,0x643,0x644,0x645,0x646,0x633,
    0x639,0x641,0x635,0x642,0x631,0x634,0x62a,0x62b,0x62e,0x630,0x636,0x638,
    0x63a,0x66e,0x6ba,0x6a1,0x66f,0x628,0x62c,0x647,0x62d,0x64a,0x643,0x644,
    0x645,0x646,0x633,0x639,0x641,0x635,0x642,0x634,0x62a,0x62b,0x62e,0x636,
    0x63a,0x62c,0x62d,0x64a,0x644,0x646,0x633,0x639,0x635,0x642,0x634,0x62e,
    0x636,0x63a,0x6ba,0x66f,0x628,0x62c,0x647,0x62d,0x637,0x64a,0x643,0x645,
    0x646,0x633,0x639,0x641,0x635,0x642,0x634,0x62a,0x62b,0x62e,0x636,0x638,
    0x63a,0x66e,0x6a1,0x627,0x628,0x62c,0x62f,0x647,0x648,0x632,0x62d,0x637,
    0x64a,0x644,0x645,0x646,0x633,0x639,0x641,0x635,0x642,0x631,0x634,0x62a,
    0x62b,0x62e,0x630,0x636,0x638,0x63a,0x628,0x62c,0x62f,0x648,0x632,0x62d,
    0x637,0x64a,0x644,0x645,0x646,0x633,0x639,0x641,0x635,0x642,0x631,0x634,
    0x62a,0x62b,0x62e,0x630,0x636,0x638,0x63a,0x30,0x2e,0x30,0x2c,0x31,
    0x2c,0x32,0x2c,0x33,0x2c,0x34,0x2c,0x35,0x2c,0x36,0x2c,0x37,
    0x2c,0x38,0x2c,0x39,0x2c,0x28,0x41,0x29,0x28,0x42,0x29,0x28,
    0x43,0x29,0x28,0x44,0x29,0x28,0x45,0x29,0x28,0x46,0x29,0x28,
    0x47,0x29,0x28,0x48,0x29,0x28,0x49,0x29,0x28,0x4a,0x29,0x28,
    0x4b,0x29,0x28,0x4c,0x29,0x28,0x4d,0x29,0x28,0x4e,0x29,0x28,
    0x4f,0x29,0x28,0x50,0x29,0x28,0x51,0x29,0x28,0x52,0x29,0x28,
    0x53,0x29,0x28,0x54,0x29,0x28,0x55,0x29,0x28,0x56,0x29,0x28,
    0x57,0x29,0x28,0x58,0x29,0x28,0x59,0x29,0x28,0x5a,0x29,0x3014,
    0x53,0x3015,0x43,0x52,0x43,0x44,0x57,0x5a,0x41,0x42,0x43,0x44,
    0x45,0x46,0x47,0x48,0x49,0x4a,0x4b,0x4c,0x4d,0x4e,0x4f,0x50,
    0x51,0x52,0x53,0x54,0x55,0x56,0x57,0x58,0x59,0x5a,0x48,0x56,
    0x4d,0x56,0x53,0x44,0x53,0x53,0x50,0x50,0x56,0x57,0x43,0x4d,
    0x43,0x4d,0x44,0x4d,0x52,0x44,0x4a,0x307b,0x304b,0x30b3,0x30b3,0x30b5,
    0x624b,0x5b57,0x53cc,0x30c6,0x3099,0x4e8c,0x591a,0x89e3,0x5929,0x4ea4,0x6620,0x7121,
    0x6599,0x524d,0x5f8c,0x518d,0x65b0,0x521d,0x7d42,0x751f,0x8ca9,0x58f0,0x5439,0x6f14,
    0x6295,0x6355,0x4e00,0x4e09,0x904a,0x5de6,0x4e2d,0x53f3,0x6307,0x8d70,0x6253,0x7981,
    0x7a7a,0x5408,0x6e80,0x6709,0x6708,0x7533,0x5272,0x55b6,0x914d,0x3014,0x672c,0x3015,
    0x3014,0x4e09,0x3015,0x3014,0x4e8c,0x3015,0x3014,0x5b89,0x3015,0x3014,0x70b9,0x3015,
    0x3014,0x6253,0x3015,0x3014,0x76d7,0x3015,0x3014,0x52dd,0x3015,0x3014,0x6557,0x3015,
    0x5f97,0x53ef,0x30,0x31,0x32,0x33,0x34,0x35,0x36,0x37,0x38,0x39,
    0x4e3d,0x4e38,0x4e41,0x20122,0x4f60,0x4fae,0x4fbb,0x5002,0x507a,0x5099,0x50e7,0x50cf,
    0x349e,0x2063a,0x514d,0x5154,0x5164,0x5177,0x2051c,0x34b9,0x5167,0x518d,0x2054b,0x5197,
    0x51a4,0x4ecc,0x51ac,0x51b5,0x291df,0x51f5,0x5203,0x34df,0x523b,0x5246,0x5272,0x5277,
    0x3515,0x52c7,0x52c9,0x52e4,0x52fa,0x5305,0x5306,0x5317,0x5349,0x5351,0x535a,0x5373,
    0x537d,0x537f,0x537f,0x537f,0x20a2c,0x7070,0x53ca,0x53df,0x20b63,0x53eb,0x53f1,0x5406,
    0x549e,0x5438,0x5448,0x5468,0x54a2,0x54f6,0x5510,0x5553,0x5563,0x5584,0x5584,0x5599,
    0x55ab,0x55b3,0x55c2,0x5716,0x5606,0x5717,0x5651,0x5674,0x5207,0x58ee,0x57ce,0x57f4,
    0x580d,0x578b,0x5832,0x5831,0x58ac,0x214e4,0x58f2,0x58f7,0x5906,0x591a,0x5922,0x5962,
    0x216a8,0x216ea,0x59ec,0x5a1b,0x5a27,0x59d8,0x5a66,0x36ee,0x36fc,0x5b08,0x5b3e,0x5b3e,
    0x219c8,0x5bc3,0x5bd8,0x5be7,0x5bf3,0x21b18,0x5bff,0x5c06,0x5f53,0x5c22,0x3781,0x5c60,
    0x5c6e,0x5cc0,0x5c8d,0x21de4,0x5d43,0x21de6,0x5d6e,0x5d6b,0x5d7c,0x5de1,0x5de2,0x382f,
    0x5dfd,0x5e28,0x5e3d,0x5e69,0x3862,0x22183,0x387c,0x5eb0,0x5eb3,0x5eb6,0x5eca,0x2a392,
    0x5efe,0x22331,0x22331,0x8201,0x5f22,0x5f22,0x38c7,0x232b8,0x261da,0x5f62,0x5f6b,0x38e3,
    0x5f9a,0x5fcd,0x5fd7,0x5ff9,0x6081,0x393a,0x391c,0x6094,0x226d4,0x60c7,0x6148,0x614c,
    0x614e,0x614c,0x617a,0x618e,0x61b2,0x61a4,0x61af,0x61de,0x61f2,0x61f6,0x6210,0x621b,
    0x625d,0x62b1,0x62d4,0x6350,0x22b0c,0x633d,0x62fc,0x6368,0x6383,0x63e4,0x22bf1,0x6422,
    0x63c5,0x63a9,0x3a2e,0x6469,0x647e,0x649d,0x6477,0x3a6c,0x654f,0x656c,0x2300a,0x65e3,
    0x66f8,0x6649,0x3b19,0x6691,0x3b08,0x3ae4,0x5192,0x5195,0x6700,0x669c,0x80ad,0x43d9,
    0x6717,0x671b,0x6721,0x675e,0x6753,0x233c3,0x3b49,0x67fa,0x6785,0x6852,0x6885,0x2346d,
    0x688e,0x681f,0x6914,0x3b9d,0x6942,0x69a3,0x69ea,0x6aa8,0x236a3,0x6adb,0x3c18,0x6b21,
    0x238a7,0x6b54,0x3c4e,0x6b72,0x6b9f,0x6bba,0x6bbb,0x23a8d,0x21d0b,0x23afa,0x6c4e,0x23cbc,
    0x6cbf,0x6ccd,0x6c67,0x6d16,0x6d3e,0x6d77,0x6d41,0x6d69,0x6d78,0x6d85,0x23d1e,0x6d34,
    0x6e2f,0x6e6e,0x3d33,0x6ecb,0x6ec7,0x23ed1,0x6df9,0x6f6e,0x23f5e,0x23f8e,0x6fc6,0x7039,
    0x701e,0x701b,0x3d96,0x704a,0x707d,0x7077,0x70ad,0x20525,0x7145,0x24263,0x719c,0x243ab,
    0x7228,0x7235,0x7250,0x24608,0x7280,0x7295,0x24735,0x24814,0x737a,0x738b,0x3eac,0x73a5,
    0x3eb8,0x3eb8,0x7447,0x745c,0x7471,0x7485,0x74ca,0x3f1b,0x7524,0x24c36,0x753e,0x24c92,
    0x7570,0x2219f,0x7610,0x24fa1,0x24fb8,0x25044,0x3ffc,0x4008,0x76f4,0x250f3,0x250f2,0x25119,
    0x25133,0x771e,0x771f,0x771f,0x774a,0x4039,0x778b,0x4046,0x4096,0x2541d,0x784e,0x788c,
    0x78cc,0x40e3,0x25626,0x7956,0x2569a,0x256c5,0x798f,0x79eb,0x412f,0x7a40,0x7a4a,0x7a4f,
    0x2597c,0x25aa7,0x25aa7,0x7aee,0x4202,0x25bab,0x7bc6,0x7bc9,0x4227,0x25c80,0x7cd2,0x42a0,
    0x7ce8,0x7ce3,0x7d00,0x25f86,0x7d63,0x4301,0x7dc7,0x7e02,0x7e45,0x4334,0x26228,0x26247,
    0x4359,0x262d9,0x7f7a,0x2633e,0x7f95,0x7ffa,0x8005,0x264da,0x26523,0x8060,0x265a8,0x8070,
    0x2335f,0x43d5,0x80b2,0x8103,0x440b,0x813e,0x5ab5,0x267a7,0x267b5,0x23393,0x2339c,0x8201,
    0x8204,0x8f9e,0x446b,0x8291,0x828b,0x829d,0x52b3,0x82b1,0x82b3,0x82bd,0x82e6,0x26b3c,
    0x82e5,0x831d,0x8363,0x83ad,0x8323,0x83bd,0x83e7,0x8457,0x8353,0x83ca,0x83cc,0x83dc,
    0x26c36,0x26d6b,0x26cd5,0x452b,0x84f1,0x84f3,0x8516,0x273ca,0x8564,0x26f2c,0x455d,0x4561,
    0x26fb1,0x270d2,0x456b,0x8650,0x865c,0x8667,0x8669,0x86a9,0x8688,0x870e,0x86e2,0x8779,
    0x8728,0x876b,0x8786,0x45d7,0x87e1,0x8801,0x45f9,0x8860,0x8863,0x27667,0x88d7,0x88de,
    0x4635,0x88fa,0x34bb,0x278ae,0x27966,0x46be,0x46c7,0x8aa0,0x8aed,0x8b8a,0x8c55,0x27ca8,
    0x8cab,0x8cc1,0x8d1b,0x8d77,0x27f2f,0x20804,0x8dcb,0x8dbc,0x8df0,0x208de,0x8ed4,0x8f38,
    0x285d2,0x285ed,0x9094,0x90f1,0x9111,0x2872e,0x911b,0x9238,0x92d7,0x92d8,0x927c,0x93f9,
    0x9415,0x28bfa,0x958b,0x4995,0x95b7,0x28d77,0x49e6,0x96c3,0x5db2,0x9723,0x29145,0x2921a,
    0x4a6e,0x4a76,0x97e0,0x2940a,0x4ab2,0x29496,0x980b,0x980b,0x9829,0x295b6,0x98e2,0x4b33,
    0x9929,0x99a7,0x99c2,0x99fe,0x4bce,0x29b30,0x9b12,0x9c40,0x9cfd,0x4cce,0x4ced,0x9d67,
    0x2a0ce,0x4cf8,0x2a105,0x2a20e,0x2a291,0x9ebb,0x4d56,0x9ef9,0x9efe,0x9f05,0x9f0f,0x9f16,
    0x9f3b,0x2a600,
};
extern const size_t kCccCount = 912;
extern const uint32_t kCccCodepoints[] = {
    0x300,0x301,0x302,0x303,0x304,0x305,0x306,0x307,0x308,0x309,0x30a,0x30b,
    0x30c,0x30d,0x30e,0x30f,0x310,0x311,0x312,0x313,0x314,0x315,0x316,0x317,
    0x318,0x319,0x31a,0x31b,0x31c,0x31d,0x31e,0x31f,0x320,0x321,0x322,0x323,
    0x324,0x325,0x326,0x327,0x328,0x329,0x32a,0x32b,0x32c,0x32d,0x32e,0x32f,
    0x330,0x331,0x332,0x333,0x334,0x335,0x336,0x337,0x338,0x339,0x33a,0x33b,
    0x33c,0x33d,0x33e,0x33f,0x340,0x341,0x342,0x343,0x344,0x345,0x346,0x347,
    0x348,0x349,0x34a,0x34b,0x34c,0x34d,0x34e,0x350,0x351,0x352,0x353,0x354,
    0x355,0x356,0x357,0x358,0x359,0x35a,0x35b,0x35c,0x35d,0x35e,0x35f,0x360,
    0x361,0x362,0x363,0x364,0x365,0x366,0x367,0x368,0x369,0x36a,0x36b,0x36c,
    0x36d,0x36e,0x36f,0x483,0x484,0x485,0x486,0x487,0x591,0x592,0x593,0x594,
    0x595,0x596,0x597,0x598,0x599,0x59a,0x59b,0x59c,0x59d,0x59e,0x59f,0x5a0,
    0x5a1,0x5a2,0x5a3,0x5a4,0x5a5,0x5a6,0x5a7,0x5a8,0x5a9,0x5aa,0x5ab,0x5ac,
    0x5ad,0x5ae,0x5af,0x5b0,0x5b1,0x5b2,0x5b3,0x5b4,0x5b5,0x5b6,0x5b7,0x5b8,
    0x5b9,0x5ba,0x5bb,0x5bc,0x5bd,0x5bf,0x5c1,0x5c2,0x5c4,0x5c5,0x5c7,0x610,
    0x611,0x612,0x613,0x614,0x615,0x616,0x617,0x618,0x619,0x61a,0x64b,0x64c,
    0x64d,0x64e,0x64f,0x650,0x651,0x652,0x653,0x654,0x655,0x656,0x657,0x658,
    0x659,0x65a,0x65b,0x65c,0x65d,0x65e,0x65f,0x670,0x6d6,0x6d7,0x6d8,0x6d9,
    0x6da,0x6db,0x6dc,0x6df,0x6e0,0x6e1,0x6e2,0x6e3,0x6e4,0x6e7,0x6e8,0x6ea,
    0x6eb,0x6ec,0x6ed,0x711,0x730,0x731,0x732,0x733,0x734,0x735,0x736,0x737,
    0x738,0x739,0x73a,0x73b,0x73c,0x73d,0x73e,0x73f,0x740,0x741,0x742,0x743,
    0x744,0x745,0x746,0x747,0x748,0x749,0x74a,0x7eb,0x7ec,0x7ed,0x7ee,0x7ef,
    0x7f0,0x7f1,0x7f2,0x7f3,0x7fd,0x816,0x817,0x818,0x819,0x81b,0x81c,0x81d,
    0x81e,0x81f,0x820,0x821,0x822,0x823,0x825,0x826,0x827,0x829,0x82a,0x82b,
    0x82c,0x82d,0x859,0x85a,0x85b,0x898,0x899,0x89a,0x89b,0x89c,0x89d,0x89e,
    0x89f,0x8ca,0x8cb,0x8cc,0x8cd,0x8ce,0x8cf,0x8d0,0x8d1,0x8d2,0x8d3,0x8d4,
    0x8d5,0x8d6,0x8d7,0x8d8,0x8d9,0x8da,0x8db,0x8dc,0x8dd,0x8de,0x8df,0x8e0,
    0x8e1,0x8e3,0x8e4,0x8e5,0x8e6,0x8e7,0x8e8,0x8e9,0x8ea,0x8eb,0x8ec,0x8ed,
    0x8ee,0x8ef,0x8f0,0x8f1,0x8f2,0x8f3,0x8f4,0x8f5,0x8f6,0x8f7,0x8f8,0x8f9,
    0x8fa,0x8fb,0x8fc,0x8fd,0x8fe,0x8ff,0x93c,0x94d,0x951,0x952,0x953,0x954,
    0x9bc,0x9cd,0x9fe,0xa3c,0xa4d,0xabc,0xacd,0xb3c,0xb4d,0xbcd,0xc3c,0xc4d,
    0xc55,0xc56,0xcbc,0xccd,0xd3b,0xd3c,0xd4d,0xdca,0xe38,0xe39,0xe3a,0xe48,
    0xe49,0xe4a,0xe4b,0xeb8,0xeb9,0xeba,0xec8,0xec9,0xeca,0xecb,0xf18,0xf19,
    0xf35,0xf37,0xf39,0xf71,0xf72,0xf74,0xf7a,0xf7b,0xf7c,0xf7d,0xf80,0xf82,
    0xf83,0xf84,0xf86,0xf87,0xfc6,0x1037,0x1039,0x103a,0x108d,0x135d,0x135e,0x135f,
    0x1714,0x1715,0x1734,0x17d2,0x17dd,0x18a9,0x1939,0x193a,0x193b,0x1a17,0x1a18,0x1a60,
    0x1a75,0x1a76,0x1a77,0x1a78,0x1a79,0x1a7a,0x1a7b,0x1a7c,0x1a7f,0x1ab0,0x1ab1,0x1ab2,
    0x1ab3,0x1ab4,0x1ab5,0x1ab6,0x1ab7,0x1ab8,0x1ab9,0x1aba,0x1abb,0x1abc,0x1abd,0x1abf,
    0x1ac0,0x1ac1,0x1ac2,0x1ac3,0x1ac4,0x1ac5,0x1ac6,0x1ac7,0x1ac8,0x1ac9,0x1aca,0x1acb,
    0x1acc,0x1acd,0x1ace,0x1b34,0x1b44,0x1b6b,0x1b6c,0x1b6d,0x1b6e,0x1b6f,0x1b70,0x1b71,
    0x1b72,0x1b73,0x1baa,0x1bab,0x1be6,0x1bf2,0x1bf3,0x1c37,0x1cd0,0x1cd1,0x1cd2,0x1cd4,
    0x1cd5,0x1cd6,0x1cd7,0x1cd8,0x1cd9,0x1cda,0x1cdb,0x1cdc,0x1cdd,0x1cde,0x1cdf,0x1ce0,
    0x1ce2,0x1ce3,0x1ce4,0x1ce5,0x1ce6,0x1ce7,0x1ce8,0x1ced,0x1cf4,0x1cf8,0x1cf9,0x1dc0,
    0x1dc1,0x1dc2,0x1dc3,0x1dc4,0x1dc5,0x1dc6,0x1dc7,0x1dc8,0x1dc9,0x1dca,0x1dcb,0x1dcc,
    0x1dcd,0x1dce,0x1dcf,0x1dd0,0x1dd1,0x1dd2,0x1dd3,0x1dd4,0x1dd5,0x1dd6,0x1dd7,0x1dd8,
    0x1dd9,0x1dda,0x1ddb,0x1ddc,0x1ddd,0x1dde,0x1ddf,0x1de0,0x1de1,0x1de2,0x1de3,0x1de4,
    0x1de5,0x1de6,0x1de7,0x1de8,0x1de9,0x1dea,0x1deb,0x1dec,0x1ded,0x1dee,0x1def,0x1df0,
    0x1df1,0x1df2,0x1df3,0x1df4,0x1df5,0x1df6,0x1df7,0x1df8,0x1df9,0x1dfa,0x1dfb,0x1dfc,
    0x1dfd,0x1dfe,0x1dff,0x20d0,0x20d1,0x20d2,0x20d3,0x20d4,0x20d5,0x20d6,0x20d7,0x20d8,
    0x20d9,0x20da,0x20db,0x20dc,0x20e1,0x20e5,0x20e6,0x20e7,0x20e8,0x20e9,0x20ea,0x20eb,
    0x20ec,0x20ed,0x20ee,0x20ef,0x20f0,0x2cef,0x2cf0,0x2cf1,0x2d7f,0x2de0,0x2de1,0x2de2,
    0x2de3,0x2de4,0x2de5,0x2de6,0x2de7,0x2de8,0x2de9,0x2dea,0x2deb,0x2dec,0x2ded,0x2dee,
    0x2def,0x2df0,0x2df1,0x2df2,0x2df3,0x2df4,0x2df5,0x2df6,0x2df7,0x2df8,0x2df9,0x2dfa,
    0x2dfb,0x2dfc,0x2dfd,0x2dfe,0x2dff,0x302a,0x302b,0x302c,0x302d,0x302e,0x302f,0x3099,
    0x309a,0xa66f,0xa674,0xa675,0xa676,0xa677,0xa678,0xa679,0xa67a,0xa67b,0xa67c,0xa67d,
    0xa69e,0xa69f,0xa6f0,0xa6f1,0xa806,0xa82c,0xa8c4,0xa8e0,0xa8e1,0xa8e2,0xa8e3,0xa8e4,
    0xa8e5,0xa8e6,0xa8e7,0xa8e8,0xa8e9,0xa8ea,0xa8eb,0xa8ec,0xa8ed,0xa8ee,0xa8ef,0xa8f0,
    0xa8f1,0xa92b,0xa92c,0xa92d,0xa953,0xa9b3,0xa9c0,0xaab0,0xaab2,0xaab3,0xaab4,0xaab7,
    0xaab8,0xaabe,0xaabf,0xaac1,0xaaf6,0xabed,0xfb1e,0xfe20,0xfe21,0xfe22,0xfe23,0xfe24,
    0xfe25,0xfe26,0xfe27,0xfe28,0xfe29,0xfe2a,0xfe2b,0xfe2c,0xfe2d,0xfe2e,0xfe2f,0x101fd,
    0x102e0,0x10376,0x10377,0x10378,0x10379,0x1037a,0x10a0d,0x10a0f,0x10a38,0x10a39,0x10a3a,0x10a3f,
    0x10ae5,0x10ae6,0x10d24,0x10d25,0x10d26,0x10d27,0x10eab,0x10eac,0x10f46,0x10f47,0x10f48,0x10f49,
    0x10f4a,0x10f4b,0x10f4c,0x10f4d,0x10f4e,0x10f4f,0x10f50,0x10f82,0x10f83,0x10f84,0x10f85,0x11046,
    0x11070,0x1107f,0x110b9,0x110ba,0x11100,0x11101,0x11102,0x11133,0x11134,0x11173,0x111c0,0x111ca,
    0x11235,0x11236,0x112e9,0x112ea,0x1133b,0x1133c,0x1134d,0x11366,0x11367,0x11368,0x11369,0x1136a,
    0x1136b,0x1136c,0x11370,0x11371,0x11372,0x11373,0x11374,0x11442,0x11446,0x1145e,0x114c2,0x114c3,
    0x115bf,0x115c0,0x1163f,0x116b6,0x116b7,0x1172b,0x11839,0x1183a,0x1193d,0x1193e,0x11943,0x119e0,
    0x11a34,0x11a47,0x11a99,0x11c3f,0x11d42,0x11d44,0x11d45,0x11d97,0x16af0,0x16af1,0x16af2,0x16af3,
    0x16af4,0x16b30,0x16b31,0x16b32,0x16b33,0x16b34,0x16b35,0x16b36,0x16ff0,0x16ff1,0x1bc9e,0x1d165,
    0x1d166,0x1d167,0x1d168,0x1d169,0x1d16d,0x1d16e,0x1d16f,0x1d170,0x1d171,0x1d172,0x1d17b,0x1d17c,
    0x1d17d,0x1d17e,0x1d17f,0x1d180,0x1d181,0x1d182,0x1d185,0x1d186,0x1d187,0x1d188,0x1d189,0x1d18a,
    0x1d18b,0x1d1aa,0x1d1ab,0x1d1ac,0x1d1ad,0x1d242,0x1d243,0x1d244,0x1e000,0x1e001,0x1e002,0x1e003,
    0x1e004,0x1e005,0x1e006,0x1e008,0x1e009,0x1e00a,0x1e00b,0x1e00c,0x1e00d,0x1e00e,0x1e00f,0x1e010,
    0x1e011,0x1e012,0x1e013,0x1e014,0x1e015,0x1e016,0x1e017,0x1e018,0x1e01b,0x1e01c,0x1e01d,0x1e01e,
    0x1e01f,0x1e020,0x1e021,0x1e023,0x1e024,0x1e026,0x1e027,0x1e028,0x1e029,0x1e02a,0x1e130,0x1e131,
    0x1e132,0x1e133,0x1e134,0x1e135,0x1e136,0x1e2ae,0x1e2ec,0x1e2ed,0x1e2ee,0x1e2ef,0x1e8d0,0x1e8d1,
    0x1e8d2,0x1e8d3,0x1e8d4,0x1e8d5,0x1e8d6,0x1e944,0x1e945,0x1e946,0x1e947,0x1e948,0x1e949,0x1e94a,
};
extern const uint8_t kCccClasses[] = {
    230,230,230,230,230,230,230,230,230,230,230,230,230,230,230,230,230,230,230,230,230,232,220,220,
    220,220,232,216,220,220,220,220,220,202,202,220,220,220,220,202,202,220,220,220,220,220,220,220,
    220,220,220,220,1,1,1,1,1,220,220,220,220,230,230,230,230,230,230,230,230,240,230,220,
    220,220,230,230,230,220,220,230,230,230,220,220,220,220,230,232,220,220,230,233,234,234,233,234,
    234,233,230,230,230,230,230,230,230,230,230,230,230,230,230,230,230,230,230,230,220,230,230,230,
    230,220,230,230,230,222,220,230,230,230,230,230,230,220,220,220,220,220,220,230,230,220,230,230,
    222,228,230,10,11,12,13,14,15,16,17,18,19,19,20,21,22,23,24,25,230,220,18,230,
    230,230,230,230,230,230,230,30,31,32,27,28,29,30,31,32,33,34,230,230,220,220,230,230,
    230,230,230,220,230,230,220,35,230,230,230,230,230,230,230,230,230,230,230,220,230,230,230,220,
    230,230,220,36,230,220,230,230,220,230,230,220,220,220,230,220,220,230,220,230,230,230,220,230,
    220,230,220,230,220,230,230,230,230,230,230,230,230,230,220,230,220,230,230,230,230,230,230,230,
    230,230,230,230,230,230,230,230,230,230,230,230,230,230,220,220,220,230,220,220,220,230,230,230,
    230,230,230,230,230,230,220,220,220,220,220,230,230,230,230,230,230,230,230,230,230,230,230,230,
    230,220,230,230,220,230,230,220,230,230,230,220,220,220,27,28,29,230,230,230,220,230,230,220,
    220,230,230,230,230,230,7,9,230,220,230,230,7,9,230,7,9,7,9,7,9,9,7,9,
    84,91,7,9,9,9,9,9,103,103,9,107,107,107,107,118,118,9,122,122,122,122,220,220,
    220,220,216,129,130,132,130,130,130,130,130,230,230,9,230,230,220,7,9,9,220,230,230,230,
    9,9,9,9,230,228,222,230,220,230,220,9,230,230,230,230,230,230,230,230,220,230,230,230,
    230,230,220,220,220,220,220,220,230,230,220,220,220,230,230,220,220,230,230,230,230,230,220,230,
    230,230,230,7,9,230,220,230,230,230,230,230,230,230,9,9,7,9,9,7,230,230,230,1,
    220,220,220,220,220,230,230,220,220,220,220,230,1,1,1,1,1,1,1,220,230,230,230,230,
    230,220,230,230,230,230,230,230,230,220,230,230,234,214,220,202,230,230,230,230,230,230,230,230,
    230,230,230,230,230,230,230,230,230,230,230,230,230,230,230,230,230,230,230,230,230,230,230,230,
    230,230,230,230,230,232,228,228,220,218,230,233,220,230,220,230,230,1,1,230,230,230,230,1,
    1,1,230,230,230,1,1,230,220,230,1,1,220,220,220,220,230,230,230,230,9,230,230,230,
    230,230,230,230,230,230,230,230,230,230,230,230,230,230,230,230,230,230,230,230,230,230,230,230,
    230,230,230,230,230,218,228,232,222,224,224,8,8,230,230,230,230,230,230,230,230,230,230,230,
    230,230,230,230,9,9,9,230,230,230,230,230,230,230,230,230,230,230,230,230,230,230,230,230,
    230,220,220,220,9,7,9,230,230,230,220,230,230,230,230,230,9,9,26,230,230,230,230,230,
    230,230,220,220,220,220,220,220,220,230,230,220,220,230,230,230,230,230,220,230,230,1,220,9,
    230,220,230,230,230,230,230,230,220,220,230,230,230,220,230,220,220,220,220,230,220,230,220,9,
    9,9,9,7,230,230,230,9,9,7,9,7,9,7,7,9,7,7,9,230,230,230,230,230,
    230,230,230,230,230,230,230,9,7,230,9,7,9,7,9,9,7,9,9,7,9,9,7,9,
    9,9,9,9,7,9,9,9,1,1,1,1,1,230,230,230,230,230,230,230,6,6,1,216,
    216,1,1,1,226,216,216,216,216,216,220,220,220,220,220,220,220,220,230,230,230,230,230,220,
    220,230,230,230,230,230,230,230,230,230,230,230,230,230,230,230,230,230,230,230,230,230,230,230,
    230,230,230,230,230,230,230,230,230,230,230,230,230,230,230,230,230,230,230,230,230,230,230,230,
    230,230,230,230,230,230,230,230,230,230,220,220,220,220,220,220,220,230,230,230,230,230,230,7,
};

}  // namespace text
}  // namespace tts
